,term,controversy,tfidf,logodds
0,congressman,,0.07166352142779817,
1,compel,,0.05142640126902423,
2,combat,,0.126525491066208,
3,express,,0.08486599682830243,
4,onboard,,0.025090201341484642,
5,driven,,0.09654412194947988,
6,rubber,,0.03077648330419457,
7,subway,,0.20229687919758188,
8,vermont,,0.11722322580697561,
9,birth,,0.07554456479021919,
10,alex,,0.04218005568888029,
11,factor,,0.06350942893421854,
12,spell,,0.025090201341484642,
13,quarter,,0.13215035116768653,
14,aircraft,,0.09247758091077751,
15,scenario,,0.09523125140392799,
16,web,,0.04568019295931138,
17,type,,0.11822003638569592,
18,third,,0.21158090921712835,
19,assign,,0.04706380982373048,
20,staff,,0.18056030072401485,
21,theyd,,0.040022828884338515,
22,threaten,,0.15368419581344547,
23,brown,,0.10013825642001362,
24,thick,,0.025090201341484642,
25,perform,,0.06614546461965827,
26,northam,,0.035660237439044756,
27,overrun,,0.035660237439044756,
28,vid,,0.058302757176419896,
29,wonder,,0.12786040824940012,
30,reopen,0.20083280759156838,0.33873785601746276,
31,attack,0.17860750027805683,0.28231537866712414,
32,context,,0.07721069414604181,
33,student,,0.16915617067128633,
34,leak,,0.08728392383830466,
35,formal,,0.03077648330419457,
36,cove,,0.10342162911660449,
37,proven,,0.05142640126902423,
38,covid,,0.411617000166098,
39,behind,,0.22111790164699313,
40,character,,0.025090201341484642,
41,shot,,0.1812882809864665,
42,host,,0.12506633612867196,
43,bret,,0.0701243380794708,
44,argument,,0.09088510776630934,
45,belgium,,0.06517504714435489,
46,journal,,0.18134587043070988,
47,discredit,,0.035660237439044756,
48,franklin,,0.03649377372617036,
49,made,0.17617878742078047,0.2645647484873712,
50,activist,,0.15523862836137442,
51,follow,,0.1667079175267617,
52,melt,,0.05083441043526262,
53,weaken,,0.04766411880876299,
54,apart,,0.1754717076945997,
55,dock,,0.058302757176419896,
56,ison,,0.03649377372617036,
57,phone,,0.16728680039748786,
58,chaotic,,0.05652069239797255,
59,grown,,0.05708167477246828,
60,cancel,,0.17223521738817646,
61,deadliest,,0.0705607934809931,
62,home,,0.24967014622841066,0.32891128652132023
63,fine,,0.15040064954256563,
64,globe,,0.13742235339288147,
65,safe,,0.27428880052976873,
66,lee,,0.1099155826648304,
67,protocol,,0.05272852177130702,
68,campaign,0.1714247781835631,0.3854218994811174,0.2582594145784568
69,zero,0.18243943858562509,0.32699111694904365,
70,grew,,0.06730507773415323,
71,patron,,0.03649377372617036,
72,halt,,0.14852936593063087,
73,reader,,0.04570911084704844,
74,canada,,0.12705839338440134,
75,pride,,0.04568019295931138,
76,plate,,0.03077648330419457,
77,easter,,0.1505953363565402,
78,economist,,0.07941011831521547,
79,staffer,,0.11755591680958188,
80,youth,,0.08101884234316098,
81,girl,,0.05911307180943862,
82,dictatorship,,0.07143357143502702,
83,popular,,0.07233447579926941,
84,afloat,,0.025090201341484642,
85,ocean,,0.0562502290568715,
86,cruel,,0.04706380982373048,
87,caught,,0.11681556188742323,
88,success,,0.1438542481267716,
89,sheer,,0.025090201341484642,
90,afghanistan,,0.18060204174634958,
91,planet,,0.08199156096672211,
92,brain,,0.062377741192053485,
93,find,,0.19307558308156403,
94,incident,,0.07885123393780576,
95,overturn,,0.03649377372617036,
96,dont,0.2041277013320597,0.2694518719865491,1.701661471546455
97,bill,0.18187956922794957,0.35876360766418053,0.05896707908642665
98,hill,,0.16815747039875104,
99,withdraw,,0.053426789846728696,
100,resign,,0.06399682594428882,
101,tha,,0.025090201341484642,
102,whitmer,,0.1557163142115644,
103,fist,,0.03077648330419457,
104,deposit,,0.03077648330419457,
105,border,0.20301591389932425,0.30876493886511946,
106,request,,0.16690943300313382,
107,draw,,0.07233447579926941,
108,standard,,0.13844328838547718,
109,grow,,0.10883540323586935,
110,system,0.18831529531890895,0.2903126625001387,0.17560516805140577
111,poor,,0.1903327947151947,
112,bike,,0.05906769119344871,
113,base,,0.2108601709392332,
114,plead,,0.03077648330419457,
115,burst,,0.04706380982373048,
116,tell,,0.2600965803612829,
117,fail,,0.16195680318216832,
118,connected,,0.025090201341484642,
119,bullet,,0.03077648330419457,
120,wider,,0.035660237439044756,
121,ride,,0.040022828884338515,
122,graphic,,0.04218005568888029,
123,troop,,0.035660237439044756,
124,bank,,0.184427889392383,
125,suggest,,0.1883820192208137,
126,twitter,,0.2333652850926526,
127,fewer,,0.149890621658401,
128,problem,,0.1999463749359585,
129,shatter,,0.03077648330419457,
130,father,,0.12328888491876037,
131,broadcast,,0.14623927354748856,
132,speech,,0.20334505838578554,
133,french,,0.12175939318415999,
134,veteran,,0.10545935020427077,
135,abbott,,0.11799922284196798,
136,western,,0.10185003763780279,
137,drastic,,0.040022828884338515,
138,continent,,0.11399166521416461,
139,either,,0.18310034124837188,
140,broad,,0.06399682594428882,
141,wave,,0.16615290260527027,
142,dear,,0.04218005568888029,
143,dorm,,0.025090201341484642,
144,grip,,0.04218005568888029,
145,meaning,,0.08106511027655108,
146,within,,0.22160764439636133,
147,region,,0.13353039929816174,
148,denmark,,0.0721330532736493,
149,chauvin,,0.050180402682969284,
150,inspect,,0.037525874439542445,
151,kind,,0.20189118098752995,
152,gerald,,0.04568019295931138,
153,shortest,,0.025090201341484642,
154,wouldnt,,0.13616476909177147,
155,afternoon,,0.07767851305137471,
156,fourth,,0.1725903212885309,
157,spin,,0.035660237439044756,
158,corner,,0.04399788729402536,
159,spare,,0.025090201341484642,
160,lesbian,,0.025090201341484642,
161,hello,,0.025090201341484642,
162,demand,0.20947388872560993,0.23885636919040837,
163,ronald,,0.03649377372617036,
164,rural,,0.06399682594428882,
165,subpoena,,0.03290270164947047,
166,msnbc,,0.1293142717048922,
167,fleet,,0.025090201341484642,
168,ought,,0.08709122124855102,
169,pelosi,,0.3008048313874102,
170,ten,0.18092910463727443,0.2859005408512633,0.04240985340013536
171,shoot,,0.1014431015472099,
172,player,,0.05319132195891246,
173,short,,0.18052652768130173,
174,eye,,0.1386357953864778,
175,inject,,0.04430627403415619,
176,talk,,0.21117772945832997,
177,could,0.22960595059244765,0.22464453723846817,0.3614665515504845
178,yield,,0.025090201341484642,
179,reverend,,0.14330557163081353,
180,pull,,0.12235306239483007,
181,post,0.18540994145986814,0.22467006667934317,
182,consent,,0.053426789846728696,
183,truck,,0.06825411042658973,
184,regardless,,0.040022828884338515,
185,establish,,0.09915916423448123,
186,strike,,0.2449670220381473,
187,complex,,0.06140444653282274,
188,mention,,0.11129960878607881,
189,claim,,0.21352785407719865,
190,affect,,0.09045868261952798,
191,kong,,0.18423439060314328,
192,jet,,0.07233447579926941,
193,select,,0.05888625614414657,
194,tag,,0.025090201341484642,
195,forty,0.19613479847476395,0.23416696384105062,
196,got,,0.24906652044542282,
197,regular,,0.0808581272070515,
198,major,0.19056147025456116,0.24234467303792265,
199,communist,,0.1053061644114325,
200,parenthood,,0.10967396704235907,
201,scene,,0.05272852177130702,
202,crack,,0.04218005568888029,
203,heart,,0.1507728959495143,
204,chest,,0.048929446824228166,
205,youll,,0.07416348846127088,
206,ralph,,0.04399788729402536,
207,bureau,,0.10374145702218633,
208,flynn,,0.575152294092623,
209,columbia,,0.10241940185802192,
210,rant,,0.04570911084704844,
211,modest,,0.025090201341484642,
212,wait,,0.19097730414799316,
213,ear,,0.035660237439044756,
214,fled,,0.053426789846728696,
215,inner,,0.035660237439044756,
216,smallest,,0.04399788729402536,
217,church,,0.15650451001853288,
218,mirror,,0.025090201341484642,
219,gig,,0.03649377372617036,
220,spiral,,0.025090201341484642,
221,good,0.21222483214303103,0.25711612215422425,
222,norma,,0.025090201341484642,
223,seen,0.1884482346251004,0.23195799094906028,
224,child,,0.24522353031969607,
225,around,0.20102717937410036,0.28967055295485483,0.4833506477602603
226,fellow,,0.16228352929954828,
227,said,,0.2234712338341548,0.5731410186073019
228,kovac,,0.053426789846728696,
229,bag,,0.04766411880876299,
230,dress,,0.03077648330419457,
231,help,0.1842733275811743,0.318680353631701,0.9804563381913523
232,wore,,0.08401107285049836,
233,dozen,,0.1499334967359653,
234,coffin,,0.025090201341484642,
235,clinton,,0.15526044932938032,
236,foot,,0.09117798019986315,
237,carbon,,0.1348063302435475,
238,brian,,0.11436188766842699,
239,map,,0.05272852177130702,
240,metal,,0.03649377372617036,
241,martial,,0.03290270164947047,
242,tracker,,0.0653318853711922,
243,assault,,0.19547138490273566,
244,longer,0.1918644617637015,0.22923019408756012,
245,jazz,,0.058302757176419896,
246,miranda,,0.0942010054754799,
247,constant,,0.06566665573876031,
248,bug,,0.04430627403415619,
249,withdrawn,,0.025090201341484642,
250,bench,,0.025090201341484642,
251,actor,,0.06555745642845968,
252,local,,0.19520864834792714,
253,norway,,0.06791524492681106,
254,mother,,0.15744943046442214,
255,disney,,0.09617044982774543,
256,may,0.19468935441994745,0.29401511203310055,0.35792672484536053
257,thirtyfive,,0.06170294065728013,
258,gear,,0.1108823566837791,
259,klobuchar,,0.1346963749748033,
260,due,,0.19590086524892236,
261,unproven,,0.06399682594428882,
262,elbow,,0.035660237439044756,
263,premier,,0.05779292473385106,
264,like,,0.22945657213562898,1.8008085605947148
265,pompeo,,0.1234419673871257,
266,project,,0.22406756628027966,
267,comfort,,0.10590892718209022,
268,mia,,0.025090201341484642,
269,airport,,0.08974585771439879,
270,daniel,,0.05911307180943862,
271,hit,0.19227919374093103,0.22951772981065835,
272,civil,0.22196291588642533,0.22379573456052657,
273,plug,,0.025090201341484642,
274,speed,,0.10430706357961839,
275,till,,0.04218005568888029,
276,teacher,,0.08080004776032655,
277,oxford,,0.025090201341484642,
278,baird,,0.025090201341484642,
279,rival,,0.10184975625849291,
280,partial,,0.06825411042658973,
281,prospect,,0.06061282050216525,
282,would,,0.20265448404301972,0.7422168358170662
283,insult,,0.06350942893421853,
284,hid,,0.037525874439542445,
285,expert,,0.24512611122560451,
286,theater,,0.04766411880876299,
287,run,0.19260885940993466,0.29000392091197,
288,give,0.2186364693547249,0.2552520764978722,
289,santa,,0.058302757176419896,
290,wilson,,0.05349269326729721,
291,solar,,0.06689466289868393,
292,see,0.20381797112098765,0.2624047429001754,
293,target,,0.13105581635715932,
294,unclear,,0.05911307180943862,
295,approach,,0.13180504847210028,
296,cross,,0.06127558832752417,
297,omar,,0.09685977676228197,
298,club,,0.08789851763317122,
299,address,,0.20094811951507033,
300,mexico,,0.22590868266749223,
301,suspect,,0.12155020793619767,
302,golf,,0.06629910246487518,
303,journalist,,0.18664432113923105,
304,attend,,0.08259967185931864,
305,push,,0.19130699861538894,
306,must,0.17874477399194136,0.2970425097475707,
307,loss,,0.14634130351844807,
308,line,,0.2350900936343343,
309,transit,,0.1259764327614573,
310,brazil,,0.1568655766027424,
311,chase,,0.06398903913912982,
312,focus,,0.11930633865463133,
313,recruit,,0.07463276546241746,
314,soundtrack,,0.025090201341484642,
315,son,,0.1849813177566571,
316,britain,,0.17621921839025778,
317,expect,,0.15801127634332804,
318,turkey,,0.09498199934230354,
319,lancet,,0.07051664419412433,
320,sound,,0.12501318774307144,
321,dual,,0.025090201341484642,
322,safer,,0.09862822305656405,
323,ambassador,,0.09371062480769066,
324,ethiopian,,0.06517504714435489,
325,spend,,0.14441775103802795,
326,syria,,0.12253590496900797,
327,sight,,0.05468596179823598,
328,pick,,0.10344260938429892,
329,led,,0.1730793363322693,
330,coach,,0.04178774957422674,
331,asset,,0.03649377372617036,
332,sought,,0.07161178162690757,
333,anger,,0.05426308335407459,
334,earliest,,0.025090201341484642,
335,switch,,0.06576703797811649,
336,pass,,0.16397111804019535,
337,parent,,0.09777678077813091,
338,rape,,0.06592549966419764,
339,central,,0.17819668226871516,
340,instruct,,0.04934192454613068,
341,come,0.19787050963293257,0.2236370439699645,
342,sinai,,0.0705607934809931,
343,moscow,,0.07051664419412433,
344,teen,,0.03649377372617036,
345,latinx,,0.04236790237498345,
346,yeah,,0.17769131229494595,
347,check,,0.16697936336001648,
348,physician,,0.09119391620163914,
349,order,0.199480396408627,0.2801605895677159,0.09175085761454319
350,trace,,0.11763757775705225,
351,npr,,0.07392775779239155,
352,reveal,,0.09434068815419758,
353,podcast,,0.05711268323173416,
354,hell,,0.14890055568578156,
355,visit,,0.1369583461608327,
356,rico,,0.12634361315189419,
357,scale,,0.10092228015088536,
358,bird,,0.025090201341484642,
359,eighth,,0.09973367549358306,
360,harvard,,0.22949224841717872,
361,refuge,,0.09916524615875438,
362,convert,,0.04791526170940873,
363,next,0.18894072826099542,0.24775809552315867,0.12352601900651608
364,swift,,0.03077648330419457,
365,brooklyn,,0.11395809086139456,
366,sheet,,0.045709110847048436,
367,older,,0.1266078486276895,
368,item,,0.03077648330419457,
369,larger,,0.09700057758483177,
370,dollar,0.2078260156803272,0.28786353388047126,
371,far,0.1738213070605845,0.2571822005889838,0.028173438472892595
372,compound,,0.035660237439044756,
373,fda,,0.1472336629165118,
374,mit,,0.025090201341484642,
375,fate,,0.06061282050216525,
376,period,,0.18377833384651257,
377,mexican,,0.10033516227576351,
378,condemn,,0.025090201341484642,
379,rock,,0.06398903913912982,
380,strategist,,0.025090201341484642,
381,peak,,0.20474736153655665,
382,yellow,,0.06327008353332042,
383,shrank,,0.025090201341484642,
384,abc,,0.05540145967871108,
385,fuel,,0.15277514871386977,
386,john,0.2022812411221995,0.20279843924226104,
387,fast,,0.1662920038448576,
388,bring,,0.19286109564747347,
389,particular,,0.057260416694902005,
390,respond,,0.14880399694593932,
391,neck,,0.04568019295931138,
392,backdrop,,0.025090201341484642,
393,height,,0.04706380982373048,
394,destroy,,0.10978722837194888,
395,normal,,0.23921210736525192,
396,feed,,0.1019072061760245,
397,reclaim,,0.040022828884338515,
398,still,0.19169613303642208,0.26648651437819265,0.7932447961032059
399,garcetti,,0.06850525332723546,
400,kim,,0.0709253213935284,
401,sixty,,0.20604035384292047,
402,roll,,0.07166352142779817,
403,whether,,0.2139210988219644,
404,fallout,,0.07233447579926941,
405,wife,,0.12187551423299552,
406,annual,,0.08969850507557656,
407,mine,,0.06247710219465714,
408,warn,,0.21254825658712695,
409,reach,,0.15460819258972403,
410,paycheck,,0.11796214339445578,
411,god,,0.1352244608462812,
412,sent,0.18494302772758392,0.2615932392430583,
413,garden,,0.06458787891185211,
414,coup,,0.08529649944960158,
415,asian,,0.08549342102384697,
416,labor,,0.16924806080366545,
417,non,,0.07166352142779817,
418,eighty,,0.2160320587230098,
419,counsel,,0.08072165412438902,
420,hawaii,,0.06586246294478651,
421,need,0.18109213616738057,0.3471989751669038,1.5553564305823604
422,note,,0.12243749026371017,
423,detain,,0.03649377372617036,
424,seem,,0.1641822233213975,
425,grief,,0.035660237439044756,
426,forecast,,0.04399788729402536,
427,quest,,0.04399788729402536,
428,sheriff,,0.03077648330419457,
429,threw,,0.04218005568888029,
430,twenty,,0.2159304415608615,0.36552580520991396
431,trust,,0.131950783329214,
432,soar,,0.03649377372617036,
433,homeless,,0.1011404836785962,
434,pope,,0.07572774523479689,
435,camera,,0.10585215140847302,
436,fan,,0.057260416694902005,
437,arena,,0.053426789846728696,
438,profession,,0.1264432682601888,
439,casino,,0.025090201341484642,
440,transfer,,0.05136647492202131,
441,flag,,0.09685284412166392,
442,payday,,0.03290270164947047,
443,second,0.18953395247453325,0.23752250008793335,0.011820300660724755
444,scandal,,0.08433333845126018,
445,matter,,0.2241148038322213,
446,shine,,0.025090201341484642,
447,well,0.18578769845433873,0.2523647433719473,1.2389356425748757
448,real,,0.22749885672682285,
449,readjust,,0.03077648330419457,
450,trumpet,,0.03077648330419457,
451,midday,,0.025090201341484642,
452,reason,,0.1938644653383744,
453,remain,,0.22287650242597426,
454,cost,,0.18119964780767378,
455,hundred,,0.20074342086076236,0.7891704310885734
456,cuomo,0.18186814017549313,0.39122866265651224,0.2882468042073706
457,uncertain,,0.04706380982373048,
458,facebook,,0.13999590180494467,
459,pre,,0.05540145967871108,
460,warrant,,0.10173662540151127,
461,ship,,0.22820589146048814,
462,team,,0.16715250084322836,
463,fraction,,0.05136647492202131,
464,fox,,0.20762564315705645,
465,outlet,,0.08722605868700789,
466,golden,,0.10961111548303167,
467,bomb,,0.06074549693081639,
468,night,0.19654301982778968,0.2785803494741115,
469,flee,,0.03077648330419457,
470,mann,,0.025090201341484642,
471,hair,,0.09786987097373566,
472,panel,,0.08495790152546648,
473,mid,,0.06566665573876031,
474,kiss,,0.04218005568888029,
475,mile,,0.04706380982373048,
476,influenza,,0.11229313544910324,
477,farmer,,0.04934192454613068,
478,jail,,0.1928240061891874,
479,tom,,0.0808581272070515,
480,toughest,,0.025090201341484642,
481,crucial,,0.09091404862680807,
482,connect,,0.07028982852883228,
483,brink,,0.05136647492202131,
484,rent,,0.15644199408028672,
485,bought,,0.09820320592491225,
486,david,,0.06825411042658973,
487,trip,,0.11347010278365482,
488,money,0.20148828509609654,0.31926136448383713,
489,susan,,0.17851375619954202,
490,dead,0.1874312480541868,0.2324896444119694,
491,suspend,,0.1342797546992918,
492,jog,,0.03077648330419457,
493,rest,,0.1882580548196801,
494,direct,,0.18531017747065925,
495,stun,,0.08870068026677569,
496,contagion,,0.0562502290568715,
497,everyday,,0.025090201341484642,
498,loser,,0.037525874439542445,
499,reckless,,0.08199156096672212,
500,experiment,,0.025090201341484642,
501,gavin,,0.12878534595744126,
502,save,,0.25613903618829503,
503,ill,0.18128949118485185,0.23858890519220488,
504,add,,0.08298067802989181,
505,blackmail,,0.03077648330419457,
506,complaint,,0.09967340781933264,
507,found,0.19581142858165132,0.2515427169072733,
508,quit,,0.1007643158063175,
509,washington,,0.23306082453025412,0.07539533776577023
510,channel,,0.07521340750745185,
511,supervisor,,0.025090201341484642,
512,risk,0.19428475977690912,0.289187921336894,0.012447063451533891
513,gender,,0.11430195157325294,
514,icu,,0.0841593468990482,
515,paw,,0.025090201341484642,
516,indiana,,0.06123929015471453,
517,czar,,0.03649377372617036,
518,difficult,,0.121688671339816,
519,jill,,0.03290270164947047,
520,repair,,0.03077648330419457,
521,barack,,0.16381093237226535,
522,safeguard,,0.03077648330419457,
523,restrict,,0.15985432352781292,
524,proof,,0.05272852177130702,
525,chart,,0.051073529809971416,
526,option,,0.11728919789427375,
527,eat,,0.12714428855733229,
528,exist,,0.07582248630232216,
529,low,,0.18963928689370269,
530,absurd,,0.04934192454613068,
531,implement,,0.12102059016001687,
532,crystal,,0.04218005568888029,
533,eight,0.18571257200702163,0.23104584155875388,0.7770532079936241
534,thought,,0.21573796434838713,
535,vietnam,,0.0709253213935284,
536,get,,0.23956456183841662,1.703399091444996
537,across,,0.22531745175590445,0.8600323214553153
538,sandwich,,0.025090201341484642,
539,north,,0.1836958372995595,
540,inspector,,0.11818165065318283,
541,flatten,,0.11234456499574902,
542,singer,,0.03649377372617036,
543,children,,0.16214314095349766,
544,unless,,0.16849178612965976,
545,lifelong,,0.04399788729402536,
546,spring,,0.09017722286884367,
547,outdoor,,0.05272852177130702,
548,segregationist,,0.03290270164947047,
549,iraq,,0.16345879769186025,
550,defend,,0.10854385230416555,
551,price,,0.1741693184284951,
552,print,,0.06566665573876031,
553,chief,,0.18226506531263437,
554,rise,,0.18157844084179656,
555,aint,,0.06611525748440572,
556,time,,0.16641499002550816,1.0750381858440343
557,barber,,0.03649377372617036,
558,sworn,,0.07491300131890426,
559,closer,,0.0866252928845784,
560,left,0.20415297534976165,0.2971033545004257,
561,packer,,0.04570911084704844,
562,eastern,,0.1131839548630883,
563,murder,,0.19729345614609078,
564,know,0.20279148660553376,0.24802690101062116,2.060958078464731
565,crew,,0.0909827814123115,
566,held,,0.22934210328788895,
567,german,,0.11483323900049092,
568,maddow,,0.035660237439044756,
569,union,,0.23684103390399253,
570,reflect,,0.06074549693081639,
571,bloomberg,,0.25730557526395786,
572,trash,,0.040022828884338515,
573,gross,,0.04218005568888029,
574,misconduct,,0.09972155446685955,
575,step,,0.19943643587016935,
576,salt,,0.035660237439044756,
577,tucker,,0.27057274432557255,
578,card,,0.05272852177130702,
579,malaysia,,0.03649377372617036,
580,lag,,0.03077648330419457,
581,ticket,,0.05888625614414657,
582,act,0.18679148231000306,0.28714273565642834,
583,renew,,0.035660237439044756,
584,attract,,0.025090201341484642,
585,william,,0.09967340781933265,
586,accept,,0.10940015362163011,
587,law,0.18348021444863316,0.39516165660029734,
588,pay,0.198794758343655,0.2883636154015846,
589,amazon,,0.2798721757089614,
590,visa,,0.11952990670397479,
591,commission,,0.11923372254694958,
592,hall,,0.07953617410897623,
593,undercut,,0.025090201341484642,
594,photo,,0.05931883409409444,
595,carlson,,0.09173116735200446,
596,burden,,0.03649377372617036,
597,governor,,0.3499737023037238,0.2922030706308941
598,wet,,0.037525874439542445,
599,philip,,0.03290270164947047,
600,highway,,0.03077648330419457,
601,cold,,0.12803636111864394,
602,dish,,0.03077648330419457,
603,amid,,0.053426789846728696,
604,chicken,,0.03649377372617036,
605,last,,0.2064396520831281,0.2067781325975337
606,ahead,,0.20263787830405952,
607,hoax,,0.16965439702583124,
608,phobic,,0.037525874439542445,
609,budget,,0.17036631170156502,
610,husband,,0.15330723978724592,
611,mainland,,0.04236790237498345,
612,former,0.1676832927628898,0.2585422422945268,1.0467167749427266
613,arrest,,0.1876153002734803,
614,maximum,,0.07340832790254097,
615,richest,,0.05136647492202131,
616,ninety,,0.16964730684857376,
617,band,,0.09849479363323677,
618,dinner,,0.0715407843875734,
619,meltdown,,0.025090201341484642,
620,horizon,,0.03077648330419457,
621,populist,,0.03077648330419457,
622,seventeen,0.198756735754512,0.27166479874162214,
623,nelson,,0.03649377372617036,
624,past,0.18044101852533245,0.23699438647025714,
625,fact,,0.2544239493879175,
626,crowd,,0.17717229890889977,
627,herd,,0.06010274461882522,
628,spray,,0.06578902658153515,
629,feinstein,,0.08989691197519178,
630,self,,0.22942822261483353,
631,poorest,,0.04218005568888029,
632,covin,,0.13475078496597986,
633,brother,,0.12243030044323226,
634,feminist,,0.03649377372617036,
635,began,,0.24005512962036057,
636,repeat,,0.08504529563694523,
637,couldnt,,0.1159576552384696,
638,stand,,0.16851618826738865,
639,sudden,,0.09673680367218049,
640,discount,,0.035660237439044756,
641,quiet,,0.040022828884338515,
642,blunt,,0.035660237439044756,
643,media,,0.1536452038975535,
644,plan,0.1852854581750321,0.2877488147694726,
645,free,0.21152708774143392,0.23655743005694574,
646,censor,,0.05272852177130702,
647,perfect,,0.10010721873361919,
648,retreat,,0.025090201341484642,
649,ran,,0.14626838722488666,
650,tide,,0.025090201341484642,
651,ground,,0.15540357257361762,
652,deaf,,0.03077648330419457,
653,kick,,0.08433333845126018,
654,mud,,0.035660237439044756,
655,truth,,0.19361559056458638,
656,fortythree,,0.05468596179823597,
657,russian,,0.29217910918273016,
658,plea,,0.07503537216167909,
659,stem,,0.09805681041272817,
660,lash,,0.040022828884338515,
661,raleigh,,0.025090201341484642,
662,hardest,,0.11879705548060493,
663,absent,,0.05652069239797255,
664,elizabeth,,0.16342186899772518,
665,proceed,,0.07463276546241746,
666,king,,0.122100637356579,
667,cannot,0.206169464307115,0.2462939291056055,
668,drop,,0.21675679524438848,
669,race,0.1885308506087982,0.23917514687992258,
670,boost,,0.03649377372617036,
671,divert,,0.03649377372617036,
672,blame,,0.18087719706262986,
673,plot,,0.0721330532736493,
674,fresh,,0.05142640126902423,
675,park,,0.16294510887812308,
676,shelter,,0.15855924306994823,
677,adult,,0.07491300131890426,
678,sleep,,0.03077648330419457,
679,scholar,,0.037525874439542445,
680,oak,,0.025090201341484642,
681,march,0.217743744609898,0.3170207154466358,0.008252976365611592
682,professor,,0.13303975353688632,
683,win,,0.21694070354988715,
684,ratio,,0.03290270164947047,
685,relax,,0.06887279327398002,
686,bipartisan,,0.06835941738958257,
687,seat,,0.07233447579926941,
688,weather,,0.12207410562133461,
689,nine,0.17930521652391826,0.25893116808982203,0.3666366519479638
690,mask,0.20762705339941548,0.3459143164369353,
691,deep,,0.19599244087148399,
692,obtain,,0.05142640126902423,
693,begun,,0.13450945786569177,
694,san,,0.20085022032646224,
695,make,,0.20880494984049047,1.2408304406867783
696,havent,,0.14399555604038544,
697,chair,,0.12387074122353746,
698,brutal,,0.07901043057136595,
699,sort,,0.1055213040835152,
700,basement,,0.07503051254441453,
701,swore,,0.025090201341484642,
702,rather,,0.10767075195212263,
703,weak,,0.06350942893421853,
704,faster,,0.08842357033341644,
705,stake,,0.06576703797811649,
706,greater,,0.09400324424400436,
707,wont,,0.1868765347002161,
708,detail,,0.13319339410766043,
709,jordan,,0.053426789846728696,
710,support,0.17255786381523586,0.28307480040888605,0.07651426540717492
711,partnership,,0.0917031438312765,
712,court,0.18044931543394976,0.23819364468425358,
713,nafta,,0.04430627403415619,
714,waiter,,0.035660237439044756,
715,string,,0.03649377372617036,
716,fed,,0.09246868266123678,
717,cocktail,,0.04706380982373048,
718,metropolitan,,0.07554456479021919,
719,street,0.19748589785068235,0.2208418459103973,
720,app,,0.10891778112020156,
721,shop,,0.08495790152546648,
722,evil,,0.05272852177130702,
723,straight,,0.08842357033341644,
724,overnight,,0.05142640126902423,
725,weaker,,0.04430627403415619,
726,seven,0.1762419492547667,0.23681424853427324,0.4872366630132107
727,deem,,0.035660237439044756,
728,via,,0.07554456479021919,
729,lean,,0.04236790237498345,
730,intercept,,0.10094408897105668,
731,spoke,,0.14406502943523422,
732,midst,,0.051073529809971416,
733,disappear,,0.0846993864768696,
734,lot,0.20157254690982368,0.27999114707555306,
735,tuesday,,0.4974458811597365,
736,mount,,0.1369755151303006,
737,theyll,,0.15491074539384375,
738,sensation,,0.03290270164947047,
739,gather,,0.13555699561435924,
740,farm,,0.06629910246487518,
741,flight,,0.09209881197908182,
742,schoolchildren,,0.044275265574890324,
743,tape,,0.11556238390257845,
744,worsen,,0.05142640126902423,
745,abandon,,0.05142640126902423,
746,red,,0.124785456526875,
747,boy,,0.0867051243058709,
748,brand,,0.06529322651237172,
749,ago,,0.2586721071758603,
750,contractor,,0.0562502290568715,
751,richard,,0.16245822293737477,
752,search,,0.12494362864630114,
753,wipe,,0.06436790990763974,
754,mom,,0.06170294065728013,
755,employ,,0.10552130408351518,
756,face,0.20205611780057672,0.2520083398637472,0.007269853232191166
757,never,0.19229328850747768,0.2923603308246038,
758,iran,0.17287054693448098,0.25638491929805174,
759,commit,,0.1623600010466201,
760,northeastern,,0.04218005568888029,
761,lead,0.2212630565471367,0.23988081007469408,
762,vocal,,0.04568019295931138,
763,cuban,,0.05652069239797255,
764,man,0.18436700589906405,0.3069438978658359,0.03829305258697726
765,lake,,0.03649377372617036,
766,wide,,0.07503537216167909,
767,cairo,,0.025090201341484642,
768,brave,,0.0831405844609251,
769,connecticut,,0.07503537216167909,
770,strip,,0.06399682594428882,
771,twelve,,0.22633705723349568,
772,defund,,0.0908078466556826,
773,franchise,,0.025090201341484642,
774,game,,0.13963305695140246,
775,paul,,0.12262031977212592,
776,pipe,,0.035660237439044756,
777,tripoli,,0.05083441043526262,
778,phase,,0.1503108651333694,
779,staunch,,0.03649377372617036,
780,product,,0.11992547274116941,
781,list,,0.17103335309841927,
782,basic,,0.1646630577429143,
783,six,0.1954101661266941,0.2762208141922431,0.5358911511767361
784,took,0.20028233926055244,0.281448291471088,0.2239948206043608
785,ritual,,0.03077648330419457,
786,travel,,0.42417379320435655,
787,younger,,0.05779292473385106,
788,thirty,0.1815587480314683,0.25026941096128924,
789,knee,,0.07340832790254097,
790,lawyer,,0.11177023869232303,
791,went,0.17982531202522176,0.24210290399744572,
792,california,0.2040300339708409,0.27161401798278184,0.6413873428404689
793,thank,,0.22784425861625063,
794,frequent,,0.05426308335407459,
795,cook,,0.07624707544370303,
796,iranian,,0.10788987481394408,
797,equal,,0.11270844300621216,
798,jpmorgan,,0.04218005568888029,
799,racist,,0.2912935203361113,
800,fit,,0.06730507773415323,
801,bright,,0.20236098863419755,
802,zip,,0.037525874439542445,
803,asthma,,0.025090201341484642,
804,winner,,0.08836658755558535,
805,jefferson,,0.025090201341484642,
806,pardon,,0.053426789846728696,
807,arab,,0.053426789846728696,
808,reunion,,0.025090201341484642,
809,africa,,0.17884484490258273,
810,long,0.20900080655031858,0.28318904959462754,
811,ohio,,0.1659568620123871,
812,shift,,0.1259764327614573,
813,cleric,,0.025090201341484642,
814,driver,,0.07051664419412433,
815,lgbtq,,0.1252326479056777,
816,blood,,0.17934920126107362,
817,lightfoot,,0.08382888263482238,
818,beef,,0.04568019295931138,
819,slew,,0.025090201341484642,
820,gun,,0.1731832927900599,
821,net,,0.09598635115233775,
822,doesnt,,0.23816723190850655,
823,apartheid,,0.03649377372617036,
824,atlanta,,0.04568019295931138,
825,pool,,0.04178774957422674,
826,underneath,,0.035660237439044756,
827,baghdad,,0.05652069239797255,
828,cnbc,,0.04236790237498345,
829,pneumonia,,0.06436790990763974,
830,case,0.17557903749420936,0.36405545439882103,1.104318419924118
831,access,,0.17918753854805,
832,invent,,0.05426308335407459,
833,fcc,,0.025090201341484642,
834,georgia,0.1884310158355113,0.27334731548085356,
835,classic,,0.025090201341484642,
836,backup,,0.03290270164947047,
837,politician,,0.15820282931571938,
838,collect,,0.05426308335407459,
839,drone,,0.1350142475898399,
840,publish,,0.09454415684561082,
841,unknown,,0.11827625373436246,
842,sixteenth,,0.0510246567102382,
843,exceed,,0.04568019295931138,
844,withhold,,0.0789216666819837,
845,bit,,0.12289240222750894,
846,member,0.21535355707321238,0.2827012878202483,
847,shutdown,,0.21775741418952813,
848,present,,0.1272289615584224,
849,five,,0.2247115101880738,0.6703047670609499
850,spot,,0.10605438114428299,
851,open,0.20164234877821655,0.26003429717048077,
852,knew,,0.23683184605026264,
853,complicit,,0.04178774957422674,
854,spain,,0.17536366477219256,
855,drink,,0.0562502290568715,
856,bid,,0.10826279605514438,
857,return,,0.2001722314687747,
858,export,,0.051395392809758356,
859,michigan,0.20430985358580983,0.36691600129439544,0.28016067853155746
860,wire,,0.025090201341484642,
861,sixth,,0.06061282050216525,
862,unfair,,0.053426789846728696,
863,unpaid,,0.04568019295931138,
864,touch,,0.08129840167199605,
865,discuss,,0.09461106549304105,
866,robust,,0.03077648330419457,
867,gym,,0.040022828884338515,
868,ambush,,0.09357612523930987,
869,buy,,0.15526044932938032,
870,vision,,0.0607294808889636,
871,succumb,,0.04568019295931138,
872,sick,0.18996027924667208,0.26641888911475053,
873,site,,0.12375017754091844,
874,nevada,,0.07503537216167909,
875,date,,0.12151652598943874,
876,patrol,,0.08585794893638227,
877,freedom,,0.2447989016256559,
878,record,0.17479336373358614,0.28029158796581505,
879,sex,,0.1139916652141646,
880,eightyfour,,0.03077648330419457,
881,priest,,0.025090201341484642,
882,fall,,0.2071124483321706,
883,itd,,0.025090201341484642,
884,without,0.19419912444677645,0.2488405331538711,0.07611175570686018
885,lost,0.1851089995398321,0.23438262463169307,
886,rice,,0.2305094562273566,
887,even,,0.13241100236598324,0.9526338325920533
888,danger,,0.19607940444933422,
889,deploy,,0.06993191616395741,
890,agreement,,0.10241940185802192,
891,jackson,,0.08354788561063693,
892,often,,0.17219225423378898,
893,correct,,0.11078950473072322,
894,raid,,0.06753195866800472,
895,shouldnt,,0.10703223205056978,
896,throat,,0.040022828884338515,
897,easier,,0.06529322651237172,
898,subject,,0.12481301559318156,
899,late,,0.20771672503436162,
900,mark,,0.17439812638637447,
901,unit,,0.24601126628462078,
902,giant,,0.12627363571343944,
903,triumph,,0.025090201341484642,
904,statement,,0.20298673067169748,
905,shower,,0.04218005568888029,
906,biden,0.17592908354810197,0.6887544660012823,0.525306701641116
907,alarm,,0.10823050821609362,
908,founder,,0.11818165065318281,
909,roosevelt,,0.08007105267579623,
910,clear,,0.21790681500981685,
911,fee,,0.035660237439044756,
912,fever,,0.05319132195891246,
913,smear,,0.09583789065337525,
914,minimum,,0.07331851338913375,
915,johnson,,0.15983168122409006,
916,survey,,0.10359798780289103,
917,shut,0.18158859529696422,0.25451926219578525,
918,van,,0.07540039832897452,
919,size,,0.06825411042658973,
920,smith,,0.03649377372617036,
921,bronx,,0.07561099955689961,
922,african,,0.17640310653323207,
923,warren,0.19477999346114067,0.3041536045260232,
924,cardiac,,0.08113082957855322,
925,limit,,0.14713854340707772,
926,mind,,0.12981805479181896,
927,first,,0.17795597812764857,0.19269960141070583
928,tragic,,0.07485307497190133,
929,sickest,,0.03649377372617036,
930,sure,,0.21539093011580646,
931,aclu,,0.10360916789762983,
932,level,,0.2160272556776644,
933,alexandra,,0.04218005568888029,
934,fourteenth,,0.05426308335407459,
935,symbol,,0.06298681188054725,
936,among,,0.22450999765231017,
937,blank,,0.025090201341484642,
938,terror,,0.09992415506470531,
939,fort,,0.06592549966419764,
940,lower,,0.17797396618484246,
941,london,,0.10289611304372032,
942,isnt,,0.16745944550093406,
943,contempt,,0.04706380982373048,
944,skip,,0.025090201341484642,
945,holland,,0.025090201341484642,
946,shawn,,0.025090201341484642,
947,ninetyeight,,0.025090201341484642,
948,mayor,0.20782668311040034,0.29400351493515864,0.03796893224665324
949,upset,,0.06170294065728013,
950,reward,,0.04178774957422674,
951,birthday,,0.03649377372617036,
952,flood,,0.05906769119344871,
953,playbook,,0.03077648330419457,
954,pleas,,0.12745462072892796,
955,preacher,,0.03649377372617036,
956,deflect,,0.03649377372617036,
957,jersey,0.1967462672266856,0.29408550456952315,
958,fake,,0.20757165097117913,
959,hole,,0.05711268323173416,
960,strict,,0.1427784271760782,
961,swing,,0.035660237439044756,
962,tribe,,0.04218005568888029,
963,fool,,0.05139539280975837,
964,mike,,0.20337947362693476,
965,tax,,0.22323519629733152,
966,asking,,0.12946026249718343,
967,big,,0.22811167292103074,
968,cleaner,,0.03290270164947047,
969,percent,,0.17698749293795718,
970,fortyeight,,0.04766411880876299,
971,reform,,0.07503537216167909,
972,paid,0.1746482729982216,0.22630978146032013,
973,exception,,0.025090201341484642,
974,sooner,,0.051073529809971416,
975,flow,,0.06074549693081639,
976,shed,,0.08654440916976143,
977,old,0.20104218273595276,0.2861501035894923,0.3810299917458791
978,choke,,0.03077648330419457,
979,guy,,0.17250577518290583,
980,longest,,0.05136647492202131,
981,derek,,0.025090201341484642,
982,stern,,0.025090201341484642,
983,pair,,0.1452078752190779,
984,block,,0.1089679000470035,
985,whoever,,0.05083441043526262,
986,bash,,0.04399788729402536,
987,port,,0.0705607934809931,
988,strength,,0.08835808443154894,
989,hiv,,0.05136647492202131,
990,boom,,0.035660237439044756,
991,suburb,,0.04178774957422674,
992,along,,0.1648168506138852,
993,surgeon,,0.04430627403415619,
994,internet,,0.11339232279844758,
995,two,,0.15303456380098954,0.3582099739392838
996,tech,,0.07737894730443445,
997,wash,,0.08559700520014606,
998,azar,,0.025090201341484642,
999,chicago,,0.1762067873123438,
1000,oklahoma,,0.07503537216167909,
1001,junior,,0.04568019295931138,
1002,rate,0.16420659071338123,0.31009706766634637,0.10551279123103734
1003,group,0.16960245734315832,0.22459819065245484,0.535891151176736
1004,museum,,0.03077648330419457,
1005,turn,,0.19495793360424518,
1006,later,0.1871230442242775,0.2486470499067293,
1007,accent,,0.04178774957422674,
1008,reid,,0.22782858718300275,
1009,emma,,0.03077648330419457,
1010,use,0.19931866848335406,0.31016021262040105,
1011,fraud,,0.1395020168318219,
1012,worst,0.1917141601614792,0.23091148259104888,
1013,dig,,0.06074549693081639,
1014,chef,,0.04236790237498345,
1015,gave,,0.15477325670981848,
1016,tournament,,0.04178774957422674,
1017,book,,0.2293862672094632,
1018,appear,,0.19025698122308352,
1019,dementia,,0.025090201341484642,
1020,strain,,0.07600070731400704,
1021,somali,,0.04805418433769338,
1022,nbc,,0.12173172185665188,
1023,process,,0.18423932145748065,
1024,hug,,0.05272852177130702,
1025,nut,,0.04934192454613068,
1026,island,,0.1925071330703496,
1027,arabia,,0.1198517749235974,
1028,role,,0.12374731481821241,
1029,bush,,0.08463046523792456,
1030,owe,,0.03077648330419457,
1031,quiz,,0.03077648330419457,
1032,unrest,,0.037525874439542445,
1033,think,0.204289315403301,0.3042263881621273,
1034,propublica,,0.09545420171588627,
1035,regard,,0.06275991607658517,
1036,invest,,0.11042324998097706,
1037,rid,,0.057792924733851045,
1038,drug,0.1937560890298762,0.45345692491845957,
1039,yale,,0.07677760868713232,
1040,new_york,0.17264197463872522,1.3620486729140264,0.939282499417189
1041,debt,,0.12724693396033132,
1042,countless,,0.06566665573876031,
1043,dot,,0.04934192454613068,
1044,effort,0.18553554517771806,0.2215961185382121,
1045,sponsor,,0.025090201341484642,
1046,compass,,0.040022828884338515,
1047,camp,,0.1552676690057902,
1048,boston,,0.07721044312896061,
1049,beat,,0.13501631799806788,
1050,sale,,0.05888625614414657,
1051,punish,,0.08661932240621496,
1052,exam,,0.03077648330419457,
1053,whole,,0.219852315089117,
1054,cure,,0.1330884597846106,
1055,prosecutor,,0.07941011831521547,
1056,menu,,0.025090201341484642,
1057,pentagon,,0.07649553576175774,
1058,roy,,0.04568019295931138,
1059,hawk,,0.03649377372617036,
1060,bump,,0.0510246567102382,
1061,break,,0.18212536515521904,
1062,develop,,0.13355336009961938,
1063,nineteenth,,0.03077648330419457,
1064,stream,,0.08267666208610357,
1065,carrier,,0.10342162911660449,
1066,young,,0.186411097730101,
1067,protect,0.20260067068924056,0.28774618306487915,
1068,catch,,0.10410807079756951,
1069,war,0.18004103294316706,0.2842033308879658,0.7018457305064855
1070,light,,0.1809186740617264,
1071,grant,,0.09862641703407633,
1072,hunt,,0.11137620986015973,
1073,built,,0.10906896500000593,
1074,virginia,,0.1836983492784767,
1075,dark,,0.10109236301960654,
1076,school,0.19942856418841043,0.3212286378070438,
1077,forest,,0.025090201341484642,
1078,sean,,0.20494556439624548,
1079,biggest,,0.19147929767444075,
1080,part,0.20215460257184142,0.2697242140907675,0.3830326459764366
1081,holiday,,0.05293793847254357,
1082,corona,0.17272270016037464,0.3392532184080476,
1083,nice,,0.08298067802989181,
1084,prove,,0.11618909223487398,
1085,okay,,0.23501773921598057,
1086,thousand,,0.21276001764260127,0.04067224544960485
1087,hang,,0.08069809268696351,
1088,million,,0.2758186119905811,0.03709244507667888
1089,begin,,0.2227206210956641,
1090,barrier,,0.025090201341484642,
1091,fought,,0.07051664419412433,
1092,permit,,0.03077648330419457,
1093,back,,0.22964829604991654,0.6479425206433614
1094,bowl,,0.06887279327398002,
1095,hold,0.18839454150771331,0.24014304105537376,
1096,leader,0.21545261952178169,0.31542332458909494,
1097,fisher,,0.04236790237498345,
1098,broken,,0.06825411042658973,
1099,send,,0.20596650135712502,
1100,rose,,0.11088235668377909,
1101,daughter,,0.1281047620877609,
1102,artist,,0.04706380982373048,
1103,neither,,0.12062381216629384,
1104,disrupt,,0.07491300131890426,
1105,warm,,0.05540145967871108,
1106,split,,0.035660237439044756,
1107,data,0.19681252996542795,0.3338652664089904,
1108,seventeenth,,0.08946847943353382,
1109,award,,0.10555203543986366,
1110,offer,,0.15594403776695753,
1111,england,,0.05136647492202131,
1112,goldman,,0.04430627403415619,
1113,provision,,0.058302757176419896,
1114,hand,,0.2326963500488273,
1115,stephen,,0.05136647492202131,
1116,thursday,,0.538729710316788,
1117,katz,,0.025090201341484642,
1118,instead,,0.23069967776770103,
1119,nigerian,,0.03290270164947047,
1120,overt,,0.025090201341484642,
1121,dnc,,0.07737894730443445,
1122,restart,,0.04934192454613068,
1123,israel,,0.17583483871046338,
1124,spread,0.16994816695101964,0.28804349947766344,0.23678038290133221
1125,rain,,0.058302757176419896,
1126,ethiopia,,0.0705607934809931,
1127,trail,,0.07213305327364931,
1128,beaten,,0.05349269326729721,
1129,gap,,0.062377741192053485,
1130,vast,,0.10471744680280914,
1131,flash,,0.035660237439044756,
1132,mississippi,,0.10683613321842245,
1133,eighteenth,,0.05540145967871108,
1134,cope,,0.08129728151960953,
1135,blow,,0.10934061959288112,
1136,daylight,,0.025090201341484642,
1137,idiot,,0.051395392809758356,
1138,sting,,0.05142640126902423,
1139,enter,,0.10415907480756623,
1140,contrast,,0.07901043057136595,
1141,stress,,0.09394203672389886,
1142,hotspot,,0.07561099955689961,
1143,harbor,,0.040022828884338515,
1144,mass,0.20763480683474905,0.2295404919822316,
1145,total,0.1836772292212106,0.2487456827632833,
1146,memo,,0.14690234878962347,
1147,doubt,,0.09270939783411251,
1148,harder,,0.04399788729402536,
1149,counter,,0.05136647492202131,
1150,accident,,0.025090201341484642,
1151,aaron,,0.025090201341484642,
1152,ballot,,0.12887561876910467,
1153,visitor,,0.025090201341484642,
1154,mop,,0.025090201341484642,
1155,year,,0.21672759247307466,0.5651163482173284
1156,shown,,0.08483318561673836,
1157,beyond,,0.17033888146061227,
1158,outright,,0.07233447579926941,
1159,jump,,0.086086073087312,
1160,idaho,,0.06578902658153515,
1161,special,,0.13860603177795705,
1162,thinker,,0.025090201341484642,
1163,effect,0.1878730729931485,0.3161508881751302,
1164,pat,,0.03077648330419457,
1165,wind,,0.09564166623939727,
1166,soon,0.18850633140662928,0.22688102037607533,
1167,momentum,,0.025090201341484642,
1168,director,0.18546734986302002,0.2703597714959203,
1169,boss,,0.03649377372617036,
1170,spark,,0.04570911084704844,
1171,hogan,,0.06398903913912982,
1172,h1n1,,0.09280060839392708,
1173,ilhan,,0.06486525719271707,
1174,form,,0.17339309331577873,
1175,breitbart,,0.03649377372617036,
1176,soft,,0.04570911084704844,
1177,polar,,0.025090201341484642,
1178,depend,,0.09915916423448125,
1179,turnout,,0.05136647492202131,
1180,kovan,,0.1794126140162919,
1181,cash,,0.13395444840249393,
1182,authoritarian,,0.1285201329261509,
1183,ncaa,,0.03649377372617036,
1184,florida,0.2019756365272924,0.3029572968769083,0.4550216555272057
1185,ppe,,0.14605255438585815,
1186,plant,,0.24337954965169253,
1187,illicit,,0.03290270164947047,
1188,crime,,0.20307802793244345,
1189,fix,,0.09991369415045015,
1190,model,,0.22000578589791212,
1191,exempt,,0.05319132195891246,
1192,rapist,,0.05136647492202131,
1193,asylum,,0.17414542503225391,
1194,elon,,0.0653318853711922,
1195,tiger,,0.025090201341484642,
1196,term,,0.20470936136749415,
1197,emmanuel,,0.06010274461882522,
1198,cop,,0.06813260172429052,
1199,fallen,,0.06399682594428882,
1200,jake,,0.04178774957422674,
1201,viral,,0.11652665869184722,
1202,reassess,,0.03649377372617036,
1203,alcohol,,0.05540145967871108,
1204,style,,0.07233447579926941,
1205,count,,0.13173479271882166,
1206,philadelphia,,0.13987073320609153,
1207,wage,,0.10304131697586794,
1208,coast,,0.15787404526183293,
1209,daca,,0.14725945881156083,
1210,kept,,0.1456825097084491,
1211,came,0.18403649312132447,0.26459762151077004,0.7794715888579058
1212,eric,,0.07051664419412433,
1213,hardship,,0.05136647492202131,
1214,grace,,0.025090201341484642,
1215,obama,,0.4002798375321016,
1216,attorney,0.18367599860029285,0.271666147168121,
1217,jewish,,0.05136647492202131,
1218,pastor,,0.05083441043526262,
1219,british,,0.14062836699405293,
1220,era,,0.07649149696729425,
1221,joe,0.17752266491691207,0.49542584811185025,0.46087469409780285
1222,alert,,0.07829823528336965,
1223,india,,0.17962441886915193,
1224,hidden,,0.035660237439044756,
1225,jim,,0.13340155374076287,
1226,hadnt,,0.07323538471927377,
1227,conceal,,0.03649377372617036,
1228,servant,,0.035660237439044756,
1229,three,,0.17041079772299736,0.45859947687508956
1230,written,,0.1511760482575042,
1231,exit,,0.058302757176419896,
1232,max,,0.03649377372617036,
1233,trillion,,0.23924710088063753,
1234,lebron,,0.025090201341484642,
1235,vice,0.18223462244715724,0.21277762118799298,
1236,month,0.19581296073752708,0.2900115380557051,0.10811492644898939
1237,song,,0.025090201341484642,
1238,whip,,0.03077648330419457,
1239,worth,,0.17806656418976197,
1240,bay,,0.09805681041272817,
1241,saudi,,0.2261156595464111,
1242,adapt,,0.0562502290568715,
1243,tool,,0.0812804292700871,
1244,sidewalk,,0.035660237439044756,
1245,australian,,0.025090201341484642,
1246,close,0.19530841077554278,0.25980485240745255,
1247,link,,0.06825411042658973,
1248,patriot,,0.06350942893421853,
1249,tank,,0.035660237439044756,
1250,remark,,0.07751556290322897,
1251,bread,,0.025090201341484642,
1252,turner,,0.025090201341484642,
1253,nail,,0.05911307180943862,
1254,fourteen,,0.20018316712760786,
1255,chamber,,0.03649377372617036,
1256,castro,,0.06845423869788814,
1257,sold,,0.09293148284884223,
1258,facial,,0.09816386287348744,
1259,keep,0.21808795240461692,0.2595895534860652,
1260,mogul,,0.04706380982373048,
1261,hate,,0.20125617568329984,
1262,also,,0.195324429248546,0.08222394125069428
1263,shipment,,0.0709253213935284,
1264,reagan,,0.035660237439044756,
1265,potter,,0.03077648330419457,
1266,common,,0.09832241867475675,
1267,reelect,,0.03077648330419457,
1268,bleep,,0.08140614805876253,
1269,thirteen,,0.20854799998771212,
1270,stewardship,,0.025090201341484642,
1271,aspect,,0.05888625614414657,
1272,assist,,0.131939363785995,
1273,loosen,,0.07233447579926941,
1274,canadian,,0.05083441043526262,
1275,current,,0.19010097452886104,
1276,result,,0.17916281414815088,
1277,naval,,0.06399682594428882,
1278,nonprofit,,0.03649377372617036,
1279,food,0.19021381610023932,0.24249894304236705,
1280,dan,,0.03077648330419457,
1281,fire,0.17856020832720287,0.21747342866846317,
1282,backlash,,0.07103873362981993,
1283,ted,,0.05136647492202131,
1284,defeat,,0.10208728504161488,
1285,katrina,,0.05272852177130702,
1286,launch,,0.08255448038106591,
1287,deal,0.174729448865037,0.30043353346652457,
1288,east,,0.12536969103874546,
1289,none,,0.1295841469076743,
1290,watcher,,0.025090201341484642,
1291,buddha,,0.05083441043526262,
1292,rapid,,0.08267666208610357,
1293,health,,0.22755059792533244,0.5393694155530607
1294,strengthen,,0.025090201341484642,
1295,center,0.19132069442120825,0.2588801796161967,
1296,west,,0.16777482230467924,
1297,hashtag,,0.05136647492202131,
1298,seventy,,0.21847005534756858,
1299,beast,,0.03077648330419457,
1300,pain,,0.1242714947517858,
1301,grandma,,0.044275265574890324,
1302,platform,,0.0660895341829217,
1303,enjoy,,0.0831405844609251,
1304,known,0.16560509175669752,0.26027999529221063,
1305,phil,,0.06010274461882522,
1306,store,,0.2185171063571409,
1307,superstar,,0.04218005568888029,
1308,weekend,0.1923512608349008,0.32408983827485316,
1309,green,,0.19111060211169875,
1310,drum,,0.035660237439044756,
1311,congresswoman,,0.09246868266123678,
1312,friday,,0.2689903177817032,
1313,caravan,,0.08923416757334686,
1314,ninth,,0.12811686045825646,
1315,sandra,,0.025090201341484642,
1316,loud,,0.07143357143502702,
1317,diego,,0.11935648391804093,
1318,virtual,,0.1322279281028423,
1319,actual,,0.24336798020066114,
1320,burr,,0.23184282163397724,
1321,successor,,0.025090201341484642,
1322,graham,,0.08335794835300495,
1323,speaker,,0.11116223972892425,
1324,editor,,0.06835941738958257,
1325,christian,,0.08160876972738004,
1326,confirm,,0.15189109325597566,
1327,train,,0.09810555452105571,
1328,silent,,0.07485307497190133,
1329,meter,,0.025090201341484642,
1330,seek,,0.10379222305128641,
1331,twentieth,,0.05906769119344871,
1332,session,,0.04934192454613068,
1333,matt,,0.10185673179045536,
1334,yorker,,0.12931392715086898,
1335,stone,,0.0824329821054684,
1336,muslim,,0.05911307180943862,
1337,tim,,0.03649377372617036,
1338,author,,0.1639156602973702,
1339,sixteen,0.1751859457167105,0.2247692665727798,
1340,hed,,0.10582453838272354,
1341,sheldon,,0.025090201341484642,
1342,shook,,0.05349269326729721,
1343,poison,,0.040022828884338515,
1344,barr,,0.1393407361159967,
1345,want,0.19790438956137,0.2921020935460498,
1346,right,0.18966609739548418,0.2901542237395741,1.6667335904868767
1347,paper,,0.1309523862713952,
1348,lane,,0.04805418433769338,
1349,speak,,0.23364862262044817,
1350,curb,,0.07680029285156732,
1351,secret,,0.09216709726303285,
1352,descend,,0.03077648330419457,
1353,suit,,0.09047297252983726,
1354,black,0.18028197483878675,0.2940513850347479,
1355,profound,,0.04766411880876299,
1356,justin,,0.04568019295931138,
1357,vigil,,0.04218005568888029,
1358,drive,,0.11692241868456157,
1359,woman,0.2005533196248481,0.34868711399362873,
1360,mitch,,0.08773628186256202,
1361,sunday,,0.4497247069680206,
1362,pretext,,0.025090201341484642,
1363,rush,,0.04399788729402536,
1364,key,,0.18038935136153333,
1365,environment,,0.07161178162690757,
1366,desk,,0.03290270164947047,
1367,collar,,0.025090201341484642,
1368,comedian,,0.03077648330419457,
1369,relief,,0.23142756058310537,
1370,curfew,,0.0915888784407211,
1371,undergo,,0.025090201341484642,
1372,person,0.18670404583956599,0.2784388010154088,
1373,missouri,,0.10724087845610254,
1374,takeout,,0.05083441043526262,
1375,weigh,,0.055901505349467515,
1376,sin,,0.040022828884338515,
1377,text,,0.0607294808889636,
1378,descent,,0.05136647492202131,
1379,somewhat,,0.04399788729402536,
1380,demon,,0.040022828884338515,
1381,film,,0.0984805131534908,
1382,hot,,0.10605438114428299,
1383,sea,,0.0867051243058709,
1384,saturday,,0.188458178989413,
1385,answer,,0.19637633330924156,
1386,reckon,,0.04399788729402536,
1387,kudlow,,0.07951568385344715,
1388,rachel,,0.05142640126902423,
1389,hydroxyl,,0.044275265574890324,
1390,drawn,,0.025090201341484642,
1391,youd,,0.04706380982373048,
1392,benefit,,0.15005976698248213,
1393,told,0.20183446872047772,0.23976461320621928,0.22212518368629858
1394,walk,,0.14656381687178532,
1395,version,,0.05272852177130702,
1396,watch,,0.18861396310225106,
1397,prison,,0.2565101134005881,
1398,racial,,0.17481571603538637,
1399,citizenship,,0.03649377372617036,
1400,tighten,,0.03649377372617036,
1401,understand,,0.2078349900737535,
1402,neutral,,0.03077648330419457,
1403,zoo,,0.04236790237498345,
1404,take,0.19191723547228323,0.24345985098035025,1.214646496474183
1405,birx,,0.06993191616395741,
1406,hijack,,0.025090201341484642,
1407,storm,,0.08483318561673836,
1408,let,,0.2702024659411193,
1409,extent,,0.07058798858203641,
1410,dog,,0.13244213494661156,
1411,modern,,0.1174154611140989,
1412,faith,,0.09988254576686492,
1413,forget,,0.10103217405432441,
1414,furlough,,0.03077648330419457,
1415,hey,,0.08149535749108852,
1416,pathogen,,0.04568019295931138,
1417,fare,,0.025090201341484642,
1418,prepared,,0.09047719233307305,
1419,area,,0.1722235685539571,
1420,pork,,0.11935648391804093,
1421,behavior,,0.1303528357544151,
1422,progress,,0.14289912545703637,
1423,greatest,,0.09810555452105571,
1424,robert,,0.11827625373436246,
1425,darryl,,0.025090201341484642,
1426,recess,,0.07953617410897623,
1427,tour,,0.09897873862833695,
1428,june,,0.14112248522658566,
1429,lori,,0.07770137049964039,
1430,russia,0.17210757941654753,0.3601013685143182,
1431,chairman,,0.05730052991783732,
1432,cdc,0.1861046701645604,0.24371152966019655,
1433,lindsey,,0.06279896519444408,
1434,move,0.1984767889498441,0.25291314139904714,
1435,libyan,,0.03649377372617036,
1436,detroit,,0.12376914933898077,
1437,path,,0.0967154839346207,
1438,chuck,,0.1266078486276895,
1439,writer,,0.07649553576175774,
1440,crash,,0.12734015280194894,
1441,behalf,,0.10056999970580027,
1442,billion,0.19425300381983507,0.3067571061293083,0.928737795325689
1443,presbyterian,,0.053426789846728696,
1444,top,,0.2259176105585033,0.21914828446183093
1445,clinic,,0.1306252686562391,
1446,tree,,0.040022828884338515,
1447,pete,,0.09518282925711327,
1448,symptom,,0.1220395595154444,
1449,put,0.20363450059392618,0.25308123465818966,
1450,venezuela,,0.10910791107931442,
1451,partisan,,0.09559910061704723,
1452,slow,,0.17663617472432183,
1453,schiff,,0.1877380489007334,
1454,concert,,0.04766411880876299,
1455,overflow,,0.03649377372617036,
1456,overthrow,,0.0510246567102382,
1457,bail,,0.14296869178510477,
1458,stamp,,0.04934192454613068,
1459,nazi,,0.08725532967952596,
1460,toward,,0.13175112730399852,
1461,sweep,,0.040022828884338515,
1462,trade,,0.20813477113135187,
1463,climb,,0.08129728151960953,
1464,warmer,,0.03290270164947047,
1465,four,,0.22777578742731847,0.6429700912171752
1466,haiti,,0.07427191135922012,
1467,ing,,0.025090201341484642,
1468,louisiana,,0.1525426551073049,
1469,pack,,0.08685920693072804,
1470,color,,0.136317413898867,
1471,musk,,0.082609586404691,
1472,tunnel,,0.04934192454613068,
1473,question,0.19688596219333274,0.304625249824501,
1474,front,,0.20547314361970292,
1475,rick,,0.09478965368448244,
1476,expel,,0.04218005568888029,
1477,noon,,0.03077648330419457,
1478,twentyone,,0.04399788729402536,
1479,owner,,0.1262441436020279,
1480,forward,,0.23630336397905244,
1481,market,,0.23438387866151938,
1482,manhattan,,0.10291875880303908,
1483,peril,,0.04805418433769338,
1484,mental,,0.0957541481607082,
1485,newsom,,0.16666474040061693,
1486,death,,0.24896461818024893,0.6661525119601825
1487,concern,,0.1988459830658588,
1488,ive,,0.18057321061026865,
1489,score,,0.05711268323173416,
1490,power,0.1893870167462098,0.3078934173141071,
1491,arent,,0.15691420050723962,
1492,bone,,0.025090201341484642,
1493,air,,0.21809867228279645,
1494,side,,0.19233435495996587,
1495,reliant,,0.05349269326729721,
1496,threat,0.2102105291507144,0.25561941004676947,
1497,one,,0.07221657832501137,0.18246418223278738
1498,fascist,,0.03077648330419457,
1499,manner,,0.05319132195891246,
1500,adjust,,0.07453811772840081,
1501,prefer,,0.0935197576844012,
1502,expand,,0.14688329735035474,
1503,motor,,0.06061282050216525,
1504,werent,,0.10021191756894063,
1505,downplay,,0.08969850507557656,
1506,supermarket,,0.03290270164947047,
1507,robinson,,0.025090201341484642,
1508,critic,,0.18783323161096718,
1509,play,,0.16916573747928967,
1510,america,0.1722517131975509,0.3289146075748252,
1511,civilian,,0.05911307180943862,
1512,usa,,0.0701243380794708,
1513,layoff,,0.03649377372617036,
1514,struck,,0.11445914462330647,
1515,putin,,0.1375852454125514,
1516,adam,,0.16452127929799634,
1517,occur,,0.10006302812461942,
1518,wisconsin,,0.2299837883842112,
1519,conflict,,0.05711268323173416,
1520,allow,0.20325415796741708,0.2657065161726605,
1521,heat,,0.08969850507557656,
1522,moral,,0.09559910061704723,
1523,miami,,0.08302234568559913,
1524,rail,,0.03290270164947047,
1525,oversight,,0.08129728151960953,
1526,steward,,0.025090201341484642,
1527,leaf,,0.04766411880876299,
1528,dimon,,0.025090201341484642,
1529,meat,,0.16391847302592233,
1530,champion,,0.04934192454613068,
1531,window,,0.07233447579926941,
1532,span,,0.04399788729402536,
1533,art,,0.08661697989213758,
1534,draft,,0.06592549966419764,
1535,foul,,0.09458110894805848,
1536,voter,,0.16801764155915905,
1537,lockdown,0.1763755006074206,0.3190869076273146,0.5139122444579609
1538,scientist,,0.1638478070812987,
1539,portfolio,,0.0601702859797727,
1540,meet,,0.18172144936448148,
1541,poll,,0.15970014980530375,
1542,wright,,0.03077648330419457,
1543,inc,,0.025090201341484642,
1544,lawsuit,,0.14603969545526058,
1545,flown,,0.04218005568888029,
1546,nba,,0.08942677034900093,
1547,laura,,0.20713305603553092,
1548,enough,0.1922502540806143,0.2829633062915767,
1549,gotten,,0.09289015442324797,
1550,digit,,0.04766411880876299,
1551,outburst,,0.025090201341484642,
1552,test,0.19837097451180863,0.41173397913668097,0.6641851828700769
1553,corrupt,,0.17957973994524315,
1554,stroke,,0.03077648330419457,
1555,acosta,,0.08076027759759943,
1556,caution,,0.06458787891185211,
1557,cancer,,0.13331731693931304,
1558,tara,,0.2335918505031911,
1559,booker,,0.03649377372617036,
1560,jay,,0.055678837959576045,
1561,citizen,,0.20098954477414063,
1562,higher,0.18593659608267069,0.2288927925300206,
1563,utah,,0.09317305627787797,
1564,joseph,,0.03649377372617036,
1565,except,,0.1372287498460396,
1566,tune,,0.040022828884338515,
1567,cover,,0.2259210323896335,
1568,adopt,,0.07836117276225543,
1569,maintain,,0.11033065092243269,
1570,auto,,0.1021683899848537,
1571,benjamin,,0.09806431476112179,
1572,maker,,0.03077648330419457,
1573,medium,,0.25004254474608156,
1574,bear,,0.09209881197908182,
1575,consider,,0.08267666208610357,
1576,ban,0.17214191661056644,0.4349913541909567,
1577,spike,,0.12518062247602244,
1578,plane,,0.08229293227510687,
1579,show,0.18363961036578522,0.2530111860808467,
1580,homeland,,0.07836117276225543,
1581,disinfect,,0.03077648330419457,
1582,respect,,0.1688045405437171,
1583,personnel,,0.12110878679745138,
1584,proper,,0.06578902658153515,
1585,donald,,0.28508531288347916,
1586,bell,,0.05540145967871108,
1587,amount,,0.15519276890325223,
1588,humid,,0.03290270164947047,
1589,affair,,0.037525874439542445,
1590,felt,,0.09991369415045015,
1591,swine,,0.07038543196795576,
1592,gay,,0.03649377372617036,
1593,nuclear,,0.12101468786771738,
1594,fiscal,,0.07198538442758509,
1595,strongest,,0.04706380982373048,
1596,hotel,,0.13387342930862017,
1597,might,0.19662926955384205,0.2441395049272349,
1598,notion,,0.05711268323173416,
1599,harm,,0.13759059975409474,
1600,gown,,0.060745496930816385,
1601,phrase,,0.08656772892756717,
1602,wuhan,,0.26064694562745244,
1603,steel,,0.06629779811495468,
1604,legal,,0.19308022777242745,
1605,violent,,0.07932530304362483,
1606,wake,,0.06275991607658517,
1607,prime,,0.20607039788146678,
1608,biotech,,0.05349269326729721,
1609,alabama,,0.14794282082432295,
1610,eightyseven,,0.04178774957422674,
1611,caller,,0.03077648330419457,
1612,grade,,0.078472730865085,
1613,japan,,0.15059533635654024,
1614,live,0.2250968012773951,0.24908420444057533,
1615,maryland,,0.16127466718796415,
1616,place,0.18841119306858695,0.31023290495021977,0.4871384563253665
1617,humanitarian,,0.14696575932358014,
1618,panic,,0.13249982269726943,
1619,swastika,,0.03077648330419457,
1620,tapper,,0.03077648330419457,
1621,mad,,0.06247710219465714,
1622,ball,,0.051073529809971416,
1623,salon,,0.040022828884338515,
1624,sharp,,0.08106511027655108,
1625,stuck,,0.08131947250679034,
1626,grisham,,0.025090201341484642,
1627,avoid,,0.1549167922537234,
1628,socialist,,0.14966380355028774,
1629,board,,0.16401398959996277,
1630,page,,0.17591448552651173,
1631,latino,,0.04568019295931138,
1632,met,,0.14601209275756477,
1633,earth,,0.125618519991616,
1634,mate,,0.06279896519444408,
1635,spill,,0.025090201341484642,
1636,honor,,0.12365572135910058,
1637,rang,,0.04766411880876299,
1638,wrote,0.19685470701338179,0.2209889701649394,
1639,ice,,0.24370489987030838,
1640,desert,,0.025090201341484642,
1641,interim,,0.053426789846728696,
1642,lay,,0.051073529809971416,
1643,pavement,,0.05864691074324845,
1644,kavanaugh,,0.11898795456543723,
1645,highest,,0.2270444863879573,
1646,stuff,,0.08792536697109739,
1647,wasnt,,0.15139408686738737,
1648,skin,,0.040022828884338515,
1649,burn,,0.11262902861743995,
1650,zinc,,0.0653318853711922,
1651,flu,,0.3116978603052808,
1652,trump,,0.3314514963924366,0.2725601407204263
1653,bloc,,0.025090201341484642,
1654,small,0.17600599980971143,0.29970226619556967,
1655,austria,,0.03077648330419457,
1656,tension,,0.04236790237498345,
1657,men,,0.25889457877755256,
1658,unveil,,0.035660237439044756,
1659,almost,,0.23283268854316624,
1660,australia,,0.06791524492681106,
1661,patrick,,0.04218005568888029,
1662,shield,,0.08423809385471157,
1663,neighborhood,,0.12687049807668296,
1664,tear,,0.1071576673442722,
1665,useless,,0.035660237439044756,
1666,earlier,0.19062641795273025,0.2539172049084082,
1667,room,,0.20186646742694636,
1668,moment,,0.2361005191438121,
1669,south,0.19224485780527323,0.2318514791384858,
1670,kingdom,,0.0808581272070515,
1671,monday,,0.4872786583336812,
1672,zoom,,0.04236790237498345,
1673,tsunami,,0.025090201341484642,
1674,novel,,0.16253998932094169,
1675,brief,,0.11668491968556721,
1676,though,,0.1983944934938042,0.7467278782787119
1677,china,0.17677186271021397,0.567583427078169,1.322389000392881
1678,eighteen,0.19797485806666965,0.23112013383429236,
1679,hector,,0.03077648330419457,
1680,stood,,0.09047719233307305,
1681,livelihood,,0.0649418198422618,
1682,bat,,0.04178774957422674,
1683,riot,,0.10597853133867657,
1684,start,0.1910832572387509,0.2728918415189495,
1685,much,0.1976732092431242,0.24839840475564773,0.943828375051708
1686,whl,,0.03649377372617036,
1687,manafort,,0.035660237439044756,
1688,avid,,0.03649377372617036,
1689,probe,,0.08680397071366025,
1690,fish,,0.05136647492202131,
1691,homebound,,0.04568019295931138,
1692,francisco,,0.17033960381547705,
1693,chose,,0.040022828884338515,
1694,resort,,0.05136647492202131,
1695,end,0.18751790216599504,0.27877631707963924,0.8155775861240951
1696,walmart,,0.12116193979578713,
1697,salvador,,0.14303792933781476,
1698,protest,0.19008251955987482,0.32173114753209153,0.2995023731125057
1699,born,,0.09700057758483177,
1700,circuit,,0.05349269326729721,
1701,aim,,0.051073529809971416,
1702,wrap,,0.035660237439044756,
1703,jobless,,0.11579195189936667,
1704,anchor,,0.08722284464939062,
1705,pan,,0.025090201341484642,
1706,stage,,0.14178048487453812,
1707,riyadh,,0.03649377372617036,
1708,staten,,0.06592549966419764,
1709,wednesday,,0.4317812969740854,
1710,cortez,,0.11689740912937022,
1711,democrat,,0.4004075926228509,
1712,white,,0.254616785846677,0.6423746315791862
1713,tenth,,0.07600070731400704,
1714,email,,0.08343365018707898,
1715,stay,0.213087248202,0.27977586970422985,0.25683060797399165
1716,opt,,0.025090201341484642,
1717,season,,0.1622753613475752,
1718,hazmat,,0.025090201341484642,
1719,hero,,0.10070456163649391,
1720,car,,0.21362096971314182,
1721,hurt,,0.1385714698619486,
1722,aerosol,,0.03077648330419457,
1723,pattern,,0.06689466289868393,
1724,ebola,,0.05319132195891246,
1725,tough,,0.11067639509267752,
1726,puerto,,0.1517431373327317,
1727,aid,,0.17777599941168765,
1728,specialist,,0.06061282050216525,
1729,ceo,,0.14804456989046705,
1730,deficit,,0.05083441043526262,
1731,network,,0.16588726435474585,
1732,pray,,0.06285732769639508,
1733,wear,0.2023258739666161,0.27521954353506467,
1734,albert,,0.0709253213935284,
1735,prayer,,0.0559015053494675,
1736,mean,,0.2845776434132211,
1737,resist,,0.06458787891185211,
1738,stop,0.18780848308523662,0.259773687678714,
1739,abroad,,0.09109650458182922,
1740,bypass,,0.035660237439044756,
1741,explain,,0.1361712927828396,
1742,tore,,0.04218005568888029,
1743,minnesota,,0.11960906992997726,
1744,depot,,0.025090201341484642,
1745,loyal,,0.03649377372617036,
1746,pop,,0.040022828884338515,
1747,worker,0.20324669926578695,0.3504762605237963,
1748,feel,,0.20941610237899402,
1749,doctor,0.19407469660704163,0.34879294683209605,
1750,write,,0.141137202562355,
1751,lowest,,0.10826279605514438,
1752,tesla,,0.04805418433769338,
1753,folk,,0.10021191756894063,
1754,day,,0.22005680428841107,0.7129978192021181
1755,blue,,0.14571102400171912,
1756,mission,,0.08342316565315708,
1757,bend,,0.05711268323173416,
1758,twentytwo,,0.09915916423448125,
1759,laid,,0.13146348027671168,
1760,stack,,0.03077648330419457,
1761,look,0.20471299368478646,0.2819891705299664,
1762,scott,,0.08773628186256202,
1763,darkest,,0.05136647492202131,
1764,coal,,0.025090201341484642,
1765,republican,0.20718858736343615,0.2142203137774387,
1766,ramp,,0.07901043057136595,
1767,vital,,0.0559015053494675,
1768,guest,,0.0783829163516778,
1769,true,0.19808906536123708,0.29361352184297357,
1770,throw,,0.09988889498280695,
1771,kitchen,,0.048929446824228166,
1772,silver,,0.057992902990955116,
1773,anti,,0.18744112515227962,
1774,sneak,,0.025090201341484642,
1775,dana,,0.025090201341484642,
1776,merit,,0.04236790237498345,
1777,afraid,,0.13902407668299505,
1778,con,,0.025090201341484642,
1779,pennsylvania,,0.18278149966334356,
1780,cotton,,0.035660237439044756,
1781,worship,,0.10868856586603709,
1782,thrown,,0.06887279327398002,
1783,theme,,0.055901505349467515,
1784,wrought,,0.025090201341484642,
1785,andrew,,0.19194476583869755,
1786,career,,0.09400324424400436,
1787,drove,,0.07767851305137473,
1788,breach,,0.05652069239797255,
1789,denial,,0.04218005568888029,
1790,deport,,0.05708167477246828,
1791,asia,,0.06578902658153515,
1792,snap,,0.05083441043526262,
1793,dream,,0.07754903700434398,
1794,vessel,,0.03077648330419457,
1795,marijuana,,0.040022828884338515,
1796,leadership,,0.16194344329068971,
1797,falchi,,0.025090201341484642,
1798,didnt,,0.2766488607249256,
1799,luther,,0.0562502290568715,
1800,compassion,,0.06887279327398002,
1801,glad,,0.06170294065728013,
1802,yesterday,,0.1814553106706523,
1803,romney,,0.03649377372617036,
1804,dartmouth,,0.025090201341484642,
1805,colorado,,0.1638782171407572,
1806,ortega,,0.0648303622314144,
1807,motion,,0.06576703797811649,
1808,cant,0.19005269602717664,0.29098873108620005,
1809,n95,,0.14874556338412337,
1810,household,,0.08594107760624228,
1811,sector,,0.07754903700434398,
1812,contract,,0.21487342976278495,
1813,somehow,,0.12971117232489798,
1814,screen,,0.1572653049949316,
1815,iraqi,,0.03649377372617036,
1816,fight,0.1774596344960186,0.24610373987302236,
1817,parallel,,0.025090201341484642,
1818,sign,,0.22096843415724288,
1819,wall,,0.20621174975567008,
1820,happen,,0.22167549273911707,
1821,infect,,0.20332637720971639,
1822,outbreak,,0.23154693294425313,0.9554608654664424
1823,chosen,,0.06074549693081639,
1824,exploit,,0.0660895341829217,
1825,mouth,,0.04706380982373048,
1826,politico,,0.06458787891185211,
1827,northern,,0.1055852992988831,
1828,contact,,0.1879457696407128,
1829,retro,,0.025090201341484642,
1830,april,0.18753403816758746,0.2337662258175176,
1831,blasio,,0.19013930870142784,
1832,toxic,,0.0915888784407211,
1833,breakfast,,0.03077648330419457,
1834,sole,,0.04399788729402536,
1835,bob,,0.04805418433769338,
1836,sir,,0.0840154264648201,
1837,minor,,0.06436790990763974,
1838,shake,,0.08836658755558535,
1839,bad,,0.23101153582971173,
1840,water,,0.17369629521920785,
1841,loan,,0.16322991315800012,
1842,care,,0.26373529250234284,0.051013290465691835
1843,whove,,0.12809678760456528,
1844,prevent,0.18507960076227203,0.2399255844984579,
1845,warp,,0.03077648330419457,
1846,treat,,0.20116965161546024,
1847,full,,0.21217438083400736,
1848,wrong,,0.2388579027439978,
1849,bed,,0.16745070600877585,
1850,firm,,0.10934061959288112,
1851,done,0.19987013117829094,0.24347758433674616,
1852,famous,,0.05906769119344871,
1853,finish,,0.07310651304196586,
1854,european,,0.21914955195451707,
1855,southern,,0.1491627167256052,
1856,traffic,,0.08007105267579621,
1857,boat,,0.09147689120532886,
1858,beach,,0.1018883932898228,
1859,news,,0.2779482912106861,0.11001717143736449
1860,gretchen,,0.12542156879512795,
1861,pregnant,,0.10895680105435268,
1862,convict,,0.07491300131890426,
1863,number,,0.2592123623763985,0.19058672166702278
1864,militia,,0.0648303622314144,
1865,silicon,,0.035660237439044756,
1866,rebellion,,0.07086132910706482,
1867,love,,0.20827461268807634,
1868,eightysix,,0.03077648330419457,
1869,kremlin,,0.03290270164947047,
1870,spent,,0.20829802667618455,
1871,oakland,,0.09679082720313219,
1872,scope,,0.062377741192053485,
1873,usual,,0.1418674723770374,
1874,ukrainian,,0.03077648330419457,
1875,neil,,0.05811586605736919,
1876,floyd,,0.18733187950543417,
1877,ink,,0.025090201341484642,
1878,background,,0.05779292473385106,
1879,embed,,0.025090201341484642,
1880,idli,,0.025090201341484642,
1881,fifteenth,,0.10741020845363139,
1882,overseen,,0.025090201341484642,
1883,favor,,0.09936599822602675,
1884,cholera,,0.04568019295931138,
1885,comment,,0.11665778462503518,
1886,rocket,,0.09478965368448244,
1887,retail,,0.12281379488883964,
1888,mail,,0.13294483599775253,
1889,fauci,0.1921611896069653,0.28905124317398784,
1890,upon,,0.06608953418292168,
1891,sixtyseven,,0.045709110847048436,
1892,learn,,0.19192280482503063,
1893,call,0.17618681657344107,0.30725114373199125,
1894,ever,0.1876485523927001,0.2578680196826173,
1895,share,,0.1187850764033507,
1896,name,,0.19871880962870664,
1897,global,0.17942731850975618,0.2208166110334071,
1898,latin,,0.11345012491053093,
1899,prior,,0.09064108877335633,
1900,interview,,0.20724532398566614,
1901,strong,,0.17679488024063536,
1902,miss,,0.09162482640778279,
1903,joy,,0.04178774957422674,
1904,extend,,0.16049969763418748,
1905,tornado,,0.025090201341484642,
1906,wretch,,0.025090201341484642,
1907,refer,,0.07948153538162363,
1908,malaria,,0.107045238624083,
1909,summer,,0.14411469691077244,
1910,khashoggi,,0.025090201341484642,
1911,necess,,0.03077648330419457,
1912,sun,,0.04218005568888029,
1913,trial,,0.19639161170415065,
1914,libya,,0.058302757176419896,
1915,sad,,0.09639345152332662,
1916,cia,,0.05540145967871108,
1917,interest,,0.18937077941616487,
1918,whose,,0.16381555811508863,
1919,chasm,,0.025090201341484642,
1920,wing,,0.07669679889705744,
1921,shape,,0.08433333845126018,
1922,coastal,,0.025090201341484642,
1923,fatal,,0.08643408492910026,
1924,pled,,0.04236790237498345,
1925,lock,,0.22039385200919476,
1926,treatment,0.19051286572071613,0.272666799487202,
1927,deborah,,0.05911307180943862,
1928,roe,,0.058302757176419896,
1929,tweet,,0.20445894893176317,
1930,pin,,0.040022828884338515,
1931,sweden,,0.08460794864469362,
1932,slogan,,0.03077648330419457,
1933,taken,,0.22718186741380397,
1934,wager,,0.025090201341484642,
1935,hard,,0.2097613397652123,
1936,station,,0.11347010278365482,
1937,way,0.2037194463127364,0.24576672973460448,
1938,stronger,,0.08131947250679034,
1939,meant,,0.08842357033341644,
1940,serious,,0.19266975559627375,
1941,markey,,0.04236790237498345,
1942,grim,,0.07649553576175774,
1943,martin,,0.11038457715786958,
1944,fell,,0.13158989402875204,
1945,kill,,0.25011582399775756,
1946,wed,,0.06127558832752417,
1947,american,0.19748932857447185,0.31697905871341303,1.9951013922510603
1948,fill,,0.1281095051969244,
1949,yet,0.19763737771902737,0.26013660910158976,
1950,schumer,,0.1089480760493757,
1951,track,,0.19464514556933082,
1952,frontier,,0.025090201341484642,
1953,nigeria,,0.0705607934809931,
1954,downward,,0.03077648330419457,
1955,chain,,0.10303020706080357,
1956,gran,,0.025090201341484642,
1957,dire,,0.10500859254095382,
1958,jam,,0.03077648330419457,
1959,press,0.2039976831360209,0.20995961031117627,
1960,bulk,,0.035660237439044756,
1961,pro,,0.16245543006158183,
1962,racism,,0.1197310752539397,
1963,vote,0.21283234549739416,0.28239623470012787,
1964,swab,,0.025090201341484642,
1965,chronic,,0.053426789846728696,
1966,poland,,0.025090201341484642,
1967,brennan,,0.040022828884338515,
1968,lose,,0.1860645681135395,
1969,command,,0.07310651304196586,
1970,bacteria,,0.025090201341484642,
1971,heard,,0.21560646688156734,
1972,cut,0.18882727153068216,0.22005177171412343,
1973,task,0.1933531405657462,0.20767630907816154,
1974,abrupt,,0.025090201341484642,
1975,fifth,,0.13376647976129094,
1976,liquor,,0.035660237439044756,
1977,fifteen,0.1951736019038042,0.2855966017702835,
1978,agenda,,0.1469783319709495,
1979,road,,0.13367303955299414,
1980,occasion,,0.035660237439044756,
1981,terrorist,,0.11183014635114384,
1982,lift,,0.12910077362591443,
1983,impact,,0.20004221673379058,
1984,week,,0.27446632288014416,0.18572329821699035
1985,say,0.19198499274187686,0.20713866536090528,0.750488428117617
1986,spokesperson,,0.09064108877335635,
1987,kovat,,0.31314137692472516,
1988,italian,,0.09816386287348744,
1989,outset,,0.035660237439044756,
1990,trudeau,,0.07951568385344715,
1991,age,,0.2287999122018378,
1992,oval,,0.10735307649553333,
1993,bound,,0.035660237439044756,
1994,near,,0.18007932457381198,
1995,bold,,0.05888625614414657,
1996,stark,,0.07561099955689961,
1997,bray,,0.025090201341484642,
1998,per,,0.20810295254318495,
1999,previous,,0.12631849074425033,
2000,ask,,0.24872638214423543,
2001,buffet,,0.025090201341484642,
2002,pose,,0.04766411880876299,
2003,gone,,0.17887260182118264,
2004,super,,0.21135302542354203,
2005,movement,,0.166851215083542,
2006,cruiser,,0.025090201341484642,
2007,stock,,0.2295934685564558,
2008,suck,,0.05888625614414657,
2009,onto,,0.08409942055204528,
2010,tenant,,0.025090201341484642,
2011,medic,,0.24354931321678944,
2012,moderna,,0.044275265574890324,
2013,shame,,0.0831405844609251,
2014,content,,0.040022828884338515,
2015,sexual,,0.19898061361494634,
2016,lethal,,0.11038682925874013,
2017,york,0.18192376994365322,0.3879947777700536,0.7513808529394973
2018,cluster,,0.035660237439044756,
2019,kiosk,,0.025090201341484642,
2020,nation,0.18067967472792254,0.2808094184964165,
2021,gonna,,0.1856811142977836,
2022,prop,,0.035660237439044756,
2023,box,,0.04934192454613068,
2024,alexandria,,0.06399682594428882,
2025,class,,0.1462593864066104,
2026,investor,,0.06074549693081639,
2027,underway,,0.11303597498211365,
2028,transport,,0.07067278071638533,
2029,gang,,0.10911144431019848,
2030,weapon,,0.13239985651902839,
2031,moratorium,,0.06123929015471453,
2032,deadlier,,0.07836117276225543,
2033,matthew,,0.025090201341484642,
2034,lack,,0.18960501455979886,
2035,covert,,0.06061282050216525,
2036,pew,,0.025090201341484642,
2037,virginian,,0.025090201341484642,
2038,mock,,0.05142640126902423,
2039,overwhelm,,0.11897364760508988,
2040,spanish,,0.14644187621160845,
2041,match,,0.035660237439044756,
2042,bailout,,0.21529059056805838,
2043,framework,,0.03077648330419457,
2044,bar,,0.14747492906085694,
2045,remind,,0.0927624185319969,
2046,petri,,0.025090201341484642,
2047,mountain,,0.04399788729402536,
2048,korea,,0.21550882395712873,
2049,field,,0.1402219010393187,
2050,hour,,0.20331441544638246,
2051,human,0.20637557823535183,0.29354881865816945,0.48093226689597857
2052,attempt,,0.1815067360076055,
2053,migrant,,0.11116716331179796,
2054,iowa,,0.0808581272070515,
2055,brett,,0.08129728151960953,
2056,scotland,,0.025090201341484642,
2057,floor,,0.1196503523979773,
2058,thirteenth,,0.09022379786322561,
2059,friend,,0.16172588543497812,
2060,foreign,0.17043683357217962,0.23358151106970118,
2061,public,0.20249863179759364,0.28033908629241067,0.07069168823752082
2062,detect,,0.04570911084704844,
2063,eleventh,,0.06835941738958257,
2064,macron,,0.04568019295931138,
2065,video,0.19096905934373223,0.3243785154772344,0.5305292080353505
2066,walker,,0.08861254806831238,
2067,ford,,0.13544925442927858,
2068,quick,,0.0714905542128581,
2069,join,,0.16513364327380778,
2070,crown,,0.025090201341484642,
2071,predict,,0.24716719599083398,
2072,fossil,,0.14087460943138766,
2073,dust,,0.05480357547304126,
2074,least,,0.17881437916068144,1.2162293734441003
2075,pushback,,0.03649377372617036,
2076,hire,,0.07375069653637083,
2077,pritzker,,0.075745083241915,
2078,vacation,,0.025090201341484642,
2079,orbit,,0.03077648330419457,
2080,document,,0.18915205821711345,
2081,draconian,,0.035660237439044756,
2082,world,,0.24065440174421926,0.13188881550478626
2083,mandela,,0.05083441043526262,
2084,work,0.18054190733657688,0.29504132051884513,1.1196879172552194
2085,grand,,0.1241190192362356,
2086,carter,,0.0559015053494675,
2087,shooter,,0.058302757176419896,
2088,huge,,0.17010719671887214,
2089,control,0.200775367707767,0.24760711800169913,0.017600918908157542
2090,action,0.185310432462976,0.25659117151615585,
2091,grave,,0.04568019295931138,
2092,august,,0.12959330211584663,
2093,lieberman,,0.025090201341484642,
2094,council,,0.1242442618056425,
2095,fuse,,0.025090201341484642,
2096,report,,0.1788538007403347,0.4523131219959476
2097,peer,,0.10126635457181851,
2098,itll,,0.09667094268597322,
2099,guardian,,0.04218005568888029,
2100,fifty,,0.22642345067364802,0.2760315843242544
2101,hong,,0.18512262401118945,
2102,steve,,0.10867482405569145,
2103,cast,,0.10359275981043933,
2104,better,0.19331282371336717,0.2667656614033631,
2105,rash,,0.03077648330419457,
2106,swept,,0.025090201341484642,
2107,nebraska,,0.0867051243058709,
2108,stupid,,0.0913145758892982,
2109,swat,,0.025090201341484642,
2110,bryan,,0.03649377372617036,
2111,hope,,0.23071686914967537,
2112,comcast,,0.05211877434214202,
2113,life,0.18693607384827216,0.2822297664130057,
2114,propaganda,,0.12390204055146958,
2115,clean,,0.13823495452316653,
2116,hasnt,,0.1307011168803462,
2117,state,,0.10252530103701353,0.5611767356399995
2118,admit,,0.13402089533786568,
2119,letter,,0.168673484428853,
2120,steyer,,0.03077648330419457,
2121,stomach,,0.035660237439044756,
2122,row,,0.11849028026853012,
2123,southwest,,0.03649377372617036,
2124,taught,,0.03077648330419457,
2125,seventh,,0.11252810618056955,
2126,rule,,0.27194508412448976,
2127,depart,,0.14221539214753925,
2128,bucket,,0.025090201341484642,
2129,suffer,,0.16906276810138407,
2130,yahoo,,0.04218005568888029,
2131,centric,,0.04218005568888029,
2132,mansion,,0.0562502290568715,
2133,thwart,,0.025090201341484642,
2134,bleach,,0.05083441043526262,
2135,roundup,,0.025090201341484642,
2136,monitor,,0.055901505349467515,
2137,ann,,0.03077648330419457,
2138,influx,,0.04568019295931138,
2139,obvious,,0.14320731457100672,
2140,montana,,0.03649377372617036,
2141,valley,,0.06061282050216525,
2142,indian,,0.13934328754121886,
2143,karl,,0.025090201341484642,
2144,listen,,0.17764370971356988,
2145,cnn,0.18608931107183485,0.2923730579569128,
2146,new,,0.1607244399337317,0.47592033781772
2147,soleimani,,0.04568019295931138,
2148,transmit,,0.05272852177130702,
2149,railway,,0.03649377372617036,
2150,away,0.18326575590787017,0.27281397859053513,
2151,aka,,0.025090201341484642,
2152,half,,0.2344621904619364,
2153,nationalist,,0.07161178162690757,
2154,fair,,0.13087245113421214,
2155,harsh,,0.04706380982373048,
2156,ron,,0.11238307991538043,
2157,land,,0.14626992751182102,
2158,fund,0.18724273100379923,0.25619323693215496,
2159,recent,,0.20738855588315563,0.27459583389815023
2160,trauma,,0.035660237439044756,
2161,cargo,,0.025090201341484642,
2162,void,,0.025090201341484642,
2163,neighbor,,0.10134515755922577,
2164,broke,,0.1196569896685854,
2165,glow,,0.040022828884338515,
2166,today,0.20508052690549547,0.2793304069744818,0.3673164651951994
2167,netanyahu,,0.15919362092163203,
2168,widespread,,0.15774597298326234,
2169,given,0.1907039367135751,0.23127612459534636,
2170,ward,,0.05911307180943862,
2171,weve,,0.2321769540020249,
2172,rare,,0.07901043057136595,
2173,ovid,,0.053426789846728696,
2174,dealt,,0.03077648330419457,
2175,opinion,,0.09096975014938728,
2176,arizona,,0.1306772610713124,
2177,carl,,0.025090201341484642,
2178,drew,,0.03649377372617036,
2179,high,0.18820832825861272,0.22807804600733841,
2180,lab,,0.11434670672421915,
2181,chelsea,,0.10295318477740464,
2182,peter,,0.1433498167110618,
2183,kit,,0.035660237439044756,
2184,social,0.18693186852434657,0.30328302844412114,0.5650829572775395
2185,saw,,0.20765403498657412,
2186,ben,,0.04218005568888029,
2187,display,,0.040022828884338515,
2188,frank,,0.03290270164947047,
2189,account,,0.19509833231280127,
2190,head,0.18800483900708279,0.21789880719900814,
2191,seeker,,0.05911307180943862,
2192,river,,0.07051664419412434,
2193,sister,,0.07233447579926941,
2194,bottom,,0.09434068815419758,
2195,code,,0.05272852177130702,
2196,capitol,,0.19746621804817777,
2197,yawn,,0.025090201341484642,
2198,dismiss,,0.08229293227510687,
2199,stanford,,0.1006313746647747,
2200,cova,,0.11638724669698745,
2201,pace,,0.08529649944960158,
2202,rich,,0.14060720169026575,
2203,saddest,,0.025090201341484642,
2204,main,,0.1471145897920623,
2205,tend,,0.040022828884338515,
2206,thing,,0.2091611681992313,
2207,largest,,0.20234451358650735,
2208,risen,,0.053426789846728696,
2209,gut,,0.035660237439044756,
2210,dakota,,0.11777224895115962,
2211,tip,,0.06170294065728013,
2212,die,0.19612434880218288,0.35597650649898976,
2213,growth,,0.07941011831521547,
2214,mode,,0.025090201341484642,
2215,trigger,,0.0562502290568715,
2216,sell,,0.14972343641094119,
2217,eleven,0.19389563326284648,0.22498122548814392,
2218,bias,,0.0562502290568715,
2219,studio,,0.025090201341484642,
2220,guatemala,,0.07951934691444983,
2221,vega,,0.035660237439044756,
2222,michael,,0.255724809918456,
2223,build,,0.19986491036548093,
2224,fashion,,0.08087667464369824,
2225,oregon,,0.10068996218136002,
2226,partner,,0.09361265109709827,
2227,zone,,0.05083441043526262,
2228,cooper,,0.16734601139539473,
2229,dissent,,0.05711268323173416,
2230,concept,,0.05293793847254357,
2231,dhaka,,0.025090201341484642,
2232,agent,,0.22506423347521115,
2233,certain,0.20981454961058496,0.21987679019463652,
2234,jeff,,0.10941263663309467,
2235,lisa,,0.05540145967871108,
2236,pearl,,0.025090201341484642,
2237,throughout,,0.15028153077376993,
2238,dow,,0.14269933768275958,
2239,unjust,,0.05142640126902423,
2240,winter,,0.08262304789693974,
2241,profit,,0.10772996122139691,
2242,guard,,0.1412190886892752,
2243,space,,0.09809571501761499,
2244,program,0.17987210344789,0.3007716915587657,
2245,review,,0.11125027910437855,
2246,file,,0.1547024603043706,
2247,wealth,,0.10066828130501347,
2248,fortytwo,,0.04178774957422674,
2249,audio,,0.09223069113247134,
2250,squad,,0.03649377372617036,
2251,fbi,,0.4187077485561359,
2252,bare,,0.06769857674436988,
2253,greg,,0.09816386287348744,
2254,job,0.17053916585237977,0.33921741212415546,
2255,cabinet,,0.06578902658153515,
2256,sing,,0.04766411880876299,
2257,korean,,0.09498199934230354,
2258,inform,,0.18756726690020617,
2259,deeper,,0.040022828884338515,
2260,dashboard,,0.025090201341484642,
2261,town,,0.12588059395965823,
2262,boycott,,0.025090201341484642,
2263,advisor,,0.1626988983535432,
2264,mister,,0.025090201341484642,
2265,gdp,,0.025090201341484642,
2266,toll,,0.07609921285948282,
2267,tandem,,0.025090201341484642,
2268,sensor,,0.025090201341484642,
2269,set,0.18320603913477448,0.24810144556612737,0.08390602743367881
2270,radio,,0.1032495898241483,
2271,landlord,,0.025090201341484642,
2272,captain,,0.12188661082241133,
2273,round,,0.09552126012094897,
2274,myth,,0.025090201341484642,
2275,signal,,0.04218005568888029,
2276,point,0.1912597851586392,0.2750489316359592,
2277,fema,,0.09552126012094897,
2278,skyrocket,,0.035660237439044756,
2279,gradual,,0.04706380982373048,
2280,event,,0.17380908262237527,
2281,cell,,0.10184975625849291,
2282,contain,,0.18876771895690303,
2283,trap,,0.10260533685189599,
2284,best,,0.25283046415318006,
2285,similar,,0.14979181160177216,
2286,senior,,0.12322537085648622,
2287,hear,,0.2462219052734795,
2288,hollywood,,0.08373804818395512,
2289,nineteen,0.2007588307018593,0.3455285543318115,1.4692346714336104
2290,appeal,,0.09529045683446596,
2291,read,,0.22576998894502187,
2292,shock,,0.1151375036332303,
2293,technician,,0.05811586605736919,
2294,corr,,0.059645603408482274,
2295,door,,0.10701341471855477,
2296,proud,,0.07213305327364931,
2297,guatemalan,,0.0861009065884131,
2298,repeal,,0.025090201341484642,
2299,crackdown,,0.0648303622314144,
2300,metro,,0.05911307180943862,
2301,gain,,0.07785040831272874,
2302,delay,,0.1812931619890487,
2303,district,,0.13907015100449394,
2304,nikki,,0.025090201341484642,
2305,netflix,,0.03290270164947047,
2306,vacant,,0.07561099955689961,
2307,clock,,0.09181581876189963,
2308,prism,,0.05142640126902423,
2309,scheme,,0.06576703797811649,
2310,friendship,,0.025090201341484642,
2311,surpass,,0.03077648330419457,
2312,excel,,0.04218005568888029,
2313,urgent,,0.09359238178315925,
2314,tomorrow,,0.1511353537363016,
2315,relentless,,0.048929446824228166,
2316,congress,0.20841265110980517,0.2807001605886186,
2317,spoken,,0.08483318561673836,
2318,wish,,0.13354030912325415,
2319,final,,0.17059059405829166,
2320,tonight,,0.18338688851733076,
2321,latest,,0.19211465941559897,
2322,sit,,0.10376777590582303,
2323,fear,,0.28306093634535634,
2324,idea,,0.2032425385247459,
2325,julian,,0.07686429077068618,
2326,joint,,0.07051664419412433,
2327,vladimir,,0.13303138791833874,
2328,oil,,0.22114400620269087,
2329,smaller,,0.04568019295931138,
2330,steal,,0.06350942893421854,
2331,twice,,0.12110878679745138,
2332,although,,0.15900612896715122,
2333,great,0.16627191882451714,0.29563026275748083,
2334,core,,0.138251889292731,
2335,smart,,0.09270939783411251,
2336,brought,,0.1533935775942416,
2337,conduct,,0.09810555452105571,
2338,slash,,0.06010274461882522,
2339,narrow,,0.05136647492202131,
2340,carolina,,0.1945565040126268,
2341,trend,,0.11222323742338239,
2342,ross,,0.05083441043526262,
2343,scrub,,0.025090201341484642,
2344,music,,0.06396914022352168,
2345,research,,0.22449282220929073,
2346,dave,,0.03290270164947047,
2347,patient,,0.33726637879305926,
2348,mild,,0.11403022714963351,
